,X,Y,KMean2,KMean3,KMean4,KMean5,KMean6
2013095,-73.9643425467,40.673890813,1,0,1,2,2
2013233,-73.860812289,40.7277550985,0,2,3,1,3
2013344,-73.9536058749,40.7062231215,1,0,0,4,2
2013349,-73.7760442939,40.6834195998,0,2,3,1,3
2013452,-73.9412104948,40.7090033939,1,0,0,4,2
2013562,-73.90358048,40.8478178093,0,1,2,0,1
2013665,-73.995997737,40.7451036496,1,0,0,4,4
2013709,-73.9494294239,40.6964362705,1,0,0,2,2
2013780,-73.8717933212,40.7360844642,0,2,3,1,3
2014010,-73.9847761982,40.6094779642,1,0,1,2,0
2014280,-73.9413719367,40.7961135124,0,1,0,4,4
2014361,-73.9270939558,40.6651942522,1,0,1,2,2
2014369,-74.0319182901,40.6346881944,1,0,1,3,5
2014374,-73.9491751166,40.7793084743,0,1,0,4,4
2014393,-73.921507882,40.8511854309,0,1,2,0,1
2014395,-73.8439184789,40.8700477445,0,1,2,0,1
2014457,-73.9431238531,40.8211709729,0,1,2,4,4
2014475,-73.8798912576,40.8818435737,0,1,2,0,1
2014498,-73.9513319936,40.6540769759,1,0,1,2,2
2014580,-73.8388895221,40.7221189627,0,2,3,1,3
2014786,-73.8203100621,40.7127647508,0,2,3,1,3
2014883,-74.0840557122,40.6171446425,1,0,1,3,5
2015087,-73.9499219519,40.813700254,0,1,0,4,4
2015123,-73.909404545,40.8151220047,0,1,2,0,4
2015201,-73.9380494486,40.8230237875,0,1,2,0,4
2015377,-73.8300217023,40.8763765975,0,1,2,0,1
2015449,-73.965444249,40.6001332362,1,0,1,2,0
2015581,-73.8702399739,40.8277651878,0,1,2,0,1
2015583,-73.9876668989,40.7142794546,1,0,0,4,2
2015603,-73.8334815656,40.8463243927,0,1,2,0,1
2015636,-73.92895353,40.8313789461,0,1,2,0,4
2015670,-73.9725132838,40.6434863794,1,0,1,2,0
2015700,-73.9477365845,40.8225647277,0,1,2,4,4
2015753,-73.9606484125,40.6538115521,1,0,1,2,2
2015829,-73.923518234,40.6117399413,1,0,1,2,0
2015906,-73.9570640584,40.6177547412,1,0,1,2,0
2015910,-73.9467017144,40.7748471589,0,1,0,4,4
2015947,-73.921292364,40.6850790754,1,0,0,2,2
2016041,-74.1611320318,40.6325513218,1,0,1,3,5
2016057,-73.8803326649,40.8716776871,0,1,2,0,1
2016152,-73.9115406353,40.7790441932,0,1,0,4,4
2016155,-73.992275756,40.599918588,1,0,1,2,0
2016197,-73.7760431515,40.6762447368,0,2,3,1,3
2016328,-73.957167703,40.6695433848,1,0,1,2,2
2016343,-73.9581067332,40.8159267423,0,1,0,4,4
2016441,-73.996252341,40.7098802007,1,0,0,4,2
2016541,-73.912563688,40.8413639254,0,1,2,0,1
2016682,-73.9825658795,40.7296137605,1,0,0,4,2
2016709,-73.9419893462,40.8129033111,0,1,2,4,4
2016800,-73.9820304858,40.7214315572,1,0,0,4,2
2016898,-73.8749611309,40.7458976981,0,2,3,1,3
2016922,-73.9531334627,40.7676752053,0,1,0,4,4
2017273,-74.0822236359,40.6357693756,1,0,1,3,5
2017370,-73.9657166494,40.588599672,1,0,1,2,0
2017378,-73.8714971859,40.8372468422,0,1,2,0,1
2017379,-73.8370315276,40.841641495,0,1,2,0,1
2017456,-73.8825046964,40.7372130064,0,2,3,1,3
2017486,-73.9258793435,40.8661936024,0,1,2,0,1
2017542,-73.953172792,40.6655289631,1,0,1,2,2
2017621,-73.9019493871,40.8631867724,0,1,2,0,1
2017656,-73.9216686405,40.6624953124,1,0,1,2,2
2017665,-73.9259786618,40.8061997624,0,1,2,4,4
2017666,-73.8943003498,40.8853379357,0,1,2,0,1
2017668,-73.9856602339,40.6688505465,1,0,1,2,2
2017733,-73.8754051513,40.8731930336,0,1,2,0,1
2017775,-73.9561269036,40.7118810675,1,0,0,4,2
2017855,-73.8522704846,40.8424771986,0,1,2,0,1
2017963,-73.8217666424,40.8276922232,0,1,2,0,1
2018000,-73.8231897637,40.7150336425,0,2,3,1,3
2018110,-73.8996404004,40.8600009347,0,1,2,0,1
2018111,-73.9790111613,40.7893799649,0,1,0,4,4
2018141,-74.0044979161,40.7099378138,1,0,0,4,2
2018246,-73.8987312494,40.6688425505,1,2,3,2,2
2018312,-73.9895701718,40.7228542719,1,0,0,4,2
2018402,-73.9379812613,40.8186514145,0,1,2,4,4
2018487,-74.0036876831,40.7341521008,1,0,0,4,2
2018660,-73.8846109936,40.8670050805,0,1,2,0,1
2018661,-73.9223084439,40.8682772229,0,1,2,0,1
2018663,-73.9724799586,40.5844980133,1,0,1,2,0
2018677,-73.8503679486,40.8350997013,0,1,2,0,1
2018685,-73.8557799242,40.7357498762,0,2,3,1,3
2018728,-73.9332870485,40.7728749401,0,1,0,4,4
2018881,-73.9681670074,40.7579941426,0,1,0,4,4
2018969,-73.9060140122,40.8803692015,0,1,2,0,1
2019017,-73.8833326322,40.7548488775,0,2,0,1,3
2019018,-73.8895065824,40.6732311954,1,2,3,2,2
2019170,-73.9698336745,40.752153772,0,1,0,4,4
2019260,-73.9118629118,40.6555905814,1,0,1,2,2
2019355,-73.9536438097,40.8228307467,0,1,2,4,4
2019385,-73.8175517589,40.7202453902,0,2,3,1,3
2019573,-73.8166862867,40.7319257262,0,2,3,1,3
2019708,-73.8580476143,40.7366831664,0,2,3,1,3
2019763,-74.0771918212,40.6433402419,1,0,1,3,5
2019836,-73.7481620855,40.7140622978,0,2,3,1,3
2019845,-73.9954678266,40.6832778858,1,0,1,2,2
2019846,-73.9453964812,40.6317839075,1,0,1,2,0
2019857,-73.9262756177,40.8316078212,0,1,2,0,1
2020050,-73.8912307567,40.772101835,0,1,0,4,4
2020124,-73.8851852733,40.8526865444,0,1,2,0,1
2020136,-73.9267614275,40.7743558809,0,1,0,4,4
2020154,-73.9526608503,40.6859718378,1,0,0,2,2
2020255,-73.9773988812,40.6665628206,1,0,1,2,2
2020295,-73.8928686645,40.8469053498,0,1,2,0,1
2020384,-73.958371804,40.5885286258,1,0,1,2,0
2020647,-73.9179669139,40.7035133696,1,0,0,2,2
2020652,-73.8456958564,40.8831752682,0,1,2,0,1
2020673,-73.9537008237,40.7253074833,1,0,0,4,2
2020700,-73.9276597285,40.7550663966,0,1,0,4,4
2020734,-73.9344929927,40.6626927201,1,0,1,2,2
2020761,-73.9037971126,40.8604765641,0,1,2,0,1
2020806,-73.9052128795,40.7422238972,0,2,0,4,4
2020820,-73.9434060458,40.8292241093,0,1,2,0,4
2020850,-73.8345138494,40.7059707866,0,2,3,1,3
2021085,-73.9754131303,40.7828028732,0,1,0,4,4
2021093,-73.9801015121,40.6935856122,1,0,0,2,2
2021226,-73.9951144992,40.6338416365,1,0,1,2,0
2021276,-73.9063844879,40.9049014932,0,1,2,0,1
2021443,-73.9087062053,40.7448095307,0,2,0,4,4
2021479,-73.9992248665,40.6781781843,1,0,1,2,2
2021808,-73.9871227247,40.7676181439,0,1,0,4,4
2021839,-73.9528884614,40.8180216941,0,1,2,4,4
2021843,-73.7595092653,40.7433759614,0,2,3,1,3
2021850,-73.8823934445,40.7368670536,0,2,3,1,3
2021857,-73.885558451,40.7513433214,0,2,0,1,3
2021954,-73.722836404,40.7503338627,0,2,3,1,3
2021957,-73.9673712654,40.798168627,0,1,0,4,4
2021990,-73.8580598271,40.72756235,0,2,3,1,3
2022034,-73.8273079197,40.7072008371,0,2,3,1,3
2022129,-74.1462732843,40.5894723645,1,0,1,3,5
2022184,-73.8164877741,40.7267076181,0,2,3,1,3
2022244,-73.9305445063,40.7542612165,0,1,0,4,4
2022528,-73.9691462524,40.7869074872,0,1,0,4,4
2022533,-73.9311488319,40.8575153832,0,1,2,0,1
2022572,-73.9455051287,40.6399167651,1,0,1,2,0
2022874,-73.9500300067,40.8237542069,0,1,2,4,4
2022964,-73.9575127219,40.5919538221,1,0,1,2,0
2023326,-74.0832350243,40.6089300681,1,0,1,3,5
2023428,-73.9170268794,40.7546283032,0,1,0,4,4
2023575,-73.8962111194,40.8636867781,0,1,2,0,1
2023645,-74.0042678997,40.7229150499,1,0,0,4,2
2023666,-73.9611371846,40.5757278364,1,0,1,2,0
2023699,-73.9413823542,40.6284168192,1,0,1,2,0
2023846,-73.9732502045,40.6389274641,1,0,1,2,0
2024111,-73.8105288026,40.7364061871,0,2,3,1,3
2024142,-73.8808395734,40.7320648776,0,2,3,1,3
2024232,-74.0256180021,40.6191048533,1,0,1,3,5
2024262,-73.9409788414,40.8321267998,0,1,2,0,4
2024601,-73.9488032857,40.7698170049,0,1,0,4,4
2024702,-73.9765003348,40.6386783987,1,0,1,2,0
2024749,-73.9513002854,40.5987721828,1,0,1,2,0
2024815,-73.945068445,40.6801550353,1,0,1,2,2
2024825,-73.9719794333,40.6362098225,1,0,1,2,0
2024852,-73.9622919455,40.5770676855,1,0,1,2,0
2024896,-73.9882088775,40.7296117319,1,0,0,4,2
2024959,-73.7840117121,40.7115221188,0,2,3,1,3
2024988,-73.8269735625,40.7665365137,0,2,3,1,3
2025016,-73.9921818525,40.7252918236,1,0,0,4,2
2025277,-73.8796154683,40.8264469129,0,1,2,0,1
2025288,-73.9429594035,40.7559039019,0,1,0,4,4
2025366,-73.8403806384,40.7186242108,0,2,3,1,3
2025380,-73.9120288201,40.7675550867,0,1,0,4,4
2025440,-74.0108607438,40.5777101549,1,0,1,3,0
2025486,-74.0236450243,40.6218226199,1,0,1,3,5
2025568,-73.9924840627,40.6048400224,1,0,1,2,0
2025662,-73.8292900759,40.8543053696,0,1,2,0,1
2025667,-73.9586438814,40.6375507453,1,0,1,2,0
2025706,-73.9177195488,40.7578236849,0,1,0,4,4
2025778,-73.9800726936,40.7779428467,0,1,0,4,4
2025797,-73.9551022184,40.6747960988,1,0,1,2,2
2025833,-73.9517314676,40.8042948586,0,1,0,4,4
2025838,-73.8850716088,40.7427407864,0,2,3,1,3
2025874,-73.9935518962,40.6975972577,1,0,0,2,2
2025917,-73.9490134131,40.7971519086,0,1,0,4,4
2025965,-73.9364382918,40.8529759362,0,1,2,0,1
2026168,-73.8072811528,40.8212627427,0,1,2,0,1
2026246,-73.83591684,40.7191778674,0,2,3,1,3
2026257,-74.1474847337,40.6065379935,1,0,1,3,5
2026300,-74.0133786729,40.6757290704,1,0,1,2,2
2026430,-73.8643779214,40.8566931869,0,1,2,0,1
2026436,-73.8766458233,40.7053347111,0,2,3,1,3
2026455,-73.9598783129,40.6459117999,1,0,1,2,0
2026500,-73.9404012026,40.8073197342,0,1,0,4,4
2026653,-73.9493791342,40.6961754954,1,0,0,2,2
2026701,-73.9475562758,40.643326743,1,0,1,2,0
2027221,-73.9495213026,40.5893732219,1,0,1,2,0
2027292,-73.8314652749,40.7077312499,0,2,3,1,3
2027665,-73.9969143782,40.7454879427,1,0,0,4,4
2027759,-73.8924100849,40.8667381462,0,1,2,0,1
2027837,-73.9598264306,40.6602615032,1,0,1,2,2
2027839,-73.8671402887,40.7225063577,0,2,3,1,3
2027983,-73.9814258075,40.6775728374,1,0,1,2,2
2028120,-73.9721716557,40.7973382333,0,1,0,4,4
2028223,-73.7642004013,40.7006413853,0,2,3,1,3
2028451,-73.9206756694,40.6366909164,1,0,1,2,0
2028466,-73.9076383444,40.689877767,1,2,0,2,2
2028514,-73.8906859609,40.6970953835,1,2,3,1,3
2028517,-73.8705565226,40.8582181056,0,1,2,0,1
2028743,-73.9641103768,40.6497833436,1,0,1,2,2
2029010,-73.9586492282,40.6521804501,1,0,1,2,2
2029275,-73.92168767,40.7414622578,0,1,0,4,4
2029330,-73.9303840161,40.8663830475,0,1,2,0,1
2029521,-74.010479722,40.6042359352,1,0,1,3,0
2029570,-73.9237916585,40.7413593687,0,1,0,4,4
2029650,-73.9815016309,40.6121756168,1,0,1,2,0
2029694,-73.9474993633,40.7477157341,0,1,0,4,4
2029695,-73.9289796327,40.8610904131,0,1,2,0,1
2029739,-73.8886063721,40.7524689116,0,2,0,1,3
2029881,-73.9824034744,40.7434390565,1,0,0,4,4
2029994,-73.7807802679,40.7146587724,0,2,3,1,3
2030059,-73.9036038937,40.8541086935,0,1,2,0,1
2030129,-73.8589551845,40.8807027976,0,1,2,0,1
2030144,-73.9617703949,40.6832469215,1,0,1,2,2
2030147,-73.8310361034,40.8428954363,0,1,2,0,1
2030184,-73.987401956,40.7228266075,1,0,0,4,2
2030217,-73.9043317608,40.7426321368,0,2,0,4,4
2030231,-73.9521224242,40.7729831166,0,1,0,4,4
2030255,-73.8296748096,40.7548835914,0,2,3,1,3
2030320,-73.8636760113,40.6806226221,1,2,3,1,3
2030431,-73.924223924,40.815020163,0,1,2,0,4
2030600,-73.9519798,40.7805118715,0,1,0,4,4
2030601,-73.9521711158,40.7805915484,0,1,0,4,4
2030633,-73.9477443094,40.7989244347,0,1,0,4,4
2030795,-73.9542408473,40.6429123898,1,0,1,2,0
2030809,-73.960465185,40.6528425812,1,0,1,2,2
2030844,-73.980217978,40.6413607543,1,0,1,2,0
2030910,-73.8660431034,40.823242582,0,1,2,0,1
2031112,-73.9406338574,40.5991212467,1,0,1,2,0
2031181,-73.8537505241,40.6690219786,1,2,3,1,3
2031607,-73.8666699777,40.8548020124,0,1,2,0,1
2031685,-73.9691636224,40.6948238366,1,0,0,2,2
2031825,-73.9561734536,40.6246246191,1,0,1,2,0
2031847,-73.9622669065,40.5767849625,1,0,1,2,0
2031918,-73.8428827703,40.9028700932,0,1,2,0,1
2031948,-73.9595241079,40.5763750531,1,0,1,2,0
2032004,-73.9282115202,40.8559600917,0,1,2,0,1
2032251,-73.9548784675,40.781715237,0,1,0,4,4
2032252,-73.9094104708,40.8877359176,0,1,2,0,1
2032255,-74.0198476677,40.6318912277,1,0,1,3,5
2032327,-73.9612447597,40.7625647651,0,1,0,4,4
2032328,-73.9381239,40.8245553796,0,1,2,0,4
2032420,-73.9561340385,40.6243034635,1,0,1,2,0
2032595,-73.8223726632,40.7130232152,0,2,3,1,3
2032760,-73.8444919409,40.7315110034,0,2,3,1,3
2032806,-73.7902060144,40.7100788459,0,2,3,1,3
2033084,-73.8219710536,40.8228700636,0,1,2,0,1
2033256,-73.911940167,40.758154271,0,1,0,4,4
2033273,-73.9673872435,40.5812440902,1,0,1,2,0
2033436,-73.9431930555,40.7951263217,0,1,0,4,4
2033451,-73.9806502408,40.7287927726,1,0,0,4,2
2033467,-73.9478659153,40.7958394149,0,1,0,4,4
2033497,-73.8190206936,40.8249542044,0,1,2,0,1
2033518,-73.7623834031,40.7237239263,0,2,3,1,3
2033622,-73.9071604208,40.7068126038,1,2,0,4,2
2033627,-73.9234558813,40.681825234,1,0,0,2,2
2033668,-73.9510319189,40.8075745097,0,1,0,4,4
2033771,-73.8538618464,40.7218644638,0,2,3,1,3
2033835,-73.9748209118,40.7828686189,0,1,0,4,4
2034058,-73.9488218129,40.6517483109,1,0,1,2,2
2034102,-73.9970188737,40.7491302271,1,0,0,4,4
2034117,-73.9717790055,40.6926780986,1,0,0,2,2
2034129,-73.9997003886,40.7613965333,0,1,0,4,4
2034150,-73.9089288749,40.6188767532,1,0,1,2,0
2034256,-73.9928547412,40.5735877509,1,0,1,2,0
2034290,-73.861439121,40.8392662852,0,1,2,0,1
2034510,-73.9225104641,40.760069464,0,1,0,4,4
2034541,-73.9802926841,40.6080197967,1,0,1,2,0
2034640,-73.9569204617,40.617005359,1,0,1,2,0
2034661,-73.8648389878,40.8539462784,0,1,2,0,1
2034729,-73.8710025566,40.83513835,0,1,2,0,1
2034802,-73.9401243468,40.8179334308,0,1,2,4,4
2034811,-73.8990323996,40.8509099468,0,1,2,0,1
2034976,-73.9710906184,40.6336075438,1,0,1,2,0
2035122,-74.0147598157,40.710000085,1,0,0,4,2
2035125,-73.898373128,40.8470997154,0,1,2,0,1
2035141,-73.918058606,40.7462850057,0,1,0,4,4
2035142,-73.9824039497,40.7826312344,0,1,0,4,4
2035237,-73.8200661702,40.7590163016,0,2,3,1,3
2035247,-73.9176753271,40.8052856277,0,1,2,4,4
2035303,-73.7490788469,40.5970208815,1,2,3,1,3
2035324,-73.991364873,40.5985131868,1,0,1,2,0
2035335,-73.8221242958,40.7560798702,0,2,3,1,3
2035535,-73.9605279037,40.5772921668,1,0,1,2,0
2036085,-73.9844045772,40.7664732511,0,1,0,4,4
2036138,-74.0019159312,40.7314979664,1,0,0,4,2
2036392,-73.8147601545,40.734291372,0,2,3,1,3
2036426,-73.8613699232,40.7267896157,0,2,3,1,3
2036628,-73.9909321483,40.6029926625,1,0,1,2,0
2036696,-73.9524331319,40.8232309823,0,1,2,4,4
2036812,-73.9512637659,40.6734715551,1,0,1,2,2
2036813,-73.9345227073,40.7609415121,0,1,0,4,4
2036814,-73.8662563161,40.7297432665,0,2,3,1,3
2036893,-74.0308156742,40.6344249955,1,0,1,3,5
2036920,-73.9500581435,40.8295922289,0,1,2,0,4
2037130,-74.0302607667,40.6342933931,1,0,1,3,5
2037164,-73.9542674985,40.6145422545,1,0,1,2,0
2037169,-73.940327169,40.6844098172,1,0,0,2,2
2037238,-73.9293462955,40.8528455544,0,1,2,0,1
2037414,-73.9795388774,40.7878594783,0,1,0,4,4
2037440,-73.9362809574,40.8511863025,0,1,2,0,1
2037532,-73.814882657,40.7109775415,0,2,3,1,3
2037533,-73.9611794911,40.8002252537,0,1,0,4,4
2037567,-73.9573079587,40.8052247758,0,1,0,4,4
2037624,-73.8732969132,40.7423633824,0,2,3,1,3
2037633,-73.9744832465,40.6086609359,1,0,1,2,0
2037686,-73.9491634804,40.6715822402,1,0,1,2,2
2037698,-73.9460306772,40.6450140801,1,0,1,2,0
2037804,-74.1193000263,40.6367167755,1,0,1,3,5
2037850,-73.9199386313,40.7464866947,0,1,0,4,4
2037887,-73.9706886742,40.7858703808,0,1,0,4,4
2037911,-73.9106985614,40.655770839,1,0,1,2,2
2037928,-73.884010375,40.7532521183,0,2,0,1,3
2038160,-73.9494204261,40.7843534055,0,1,0,4,4
2038231,-73.7255411848,40.757855491,0,2,3,1,3
2038309,-73.9436594984,40.7944815392,0,1,0,4,4
2038328,-73.917127564,40.7694390149,0,1,0,4,4
2038453,-73.9458305173,40.6740702311,1,0,1,2,2
2038529,-73.9885854449,40.742912843,1,0,0,4,4
2038612,-73.9113259323,40.7586066829,0,1,0,4,4
2038728,-73.861071432,40.728057335,0,2,3,1,3
2038935,-73.9051238096,40.8579882186,0,1,2,0,1
2039051,-73.999045596,40.6087872801,1,0,1,2,0
2039156,-73.9319221375,40.8542798383,0,1,2,0,1
2039179,-74.0028519411,40.5978711931,1,0,1,2,0
2039277,-73.9027196561,40.8704581285,0,1,2,0,1
2039359,-73.9645659321,40.6062758238,1,0,1,2,0
2039383,-73.9102446317,40.8806497829,0,1,2,0,1
2039420,-73.9582546824,40.6549360687,1,0,1,2,2
2039626,-74.0348337205,40.6152569754,1,0,1,3,5
2039661,-73.7746636878,40.6662510253,0,2,3,1,3
2039746,-74.1198398149,40.6343392262,1,0,1,3,5
2039797,-74.0307965151,40.6241375303,1,0,1,3,5
2039901,-73.9238297385,40.7680246094,0,1,0,4,4
2040041,-73.9563225744,40.7160312215,1,0,0,4,2
2040085,-74.1080800024,40.567646775,1,0,1,3,5
2040127,-73.9881866907,40.7733547634,0,1,0,4,4
2040424,-73.9732867988,40.6465222934,1,0,1,2,0
2040647,-74.0401021079,40.6193312756,1,0,1,3,5
2040692,-73.8260070006,40.756505747,0,2,3,1,3
2040811,-73.9740377312,40.642946011,1,0,1,2,0
2040895,-73.9132866911,40.8329080149,0,1,2,0,1
2040950,-73.9489903987,40.7800522161,0,1,0,4,4
2041067,-73.9345238341,40.6716654176,1,0,1,2,2
2041259,-73.9502844045,40.6573483075,1,0,1,2,2
2041300,-73.8176523261,40.8364386982,0,1,2,0,1
2041565,-73.8974573232,40.6674360952,1,2,3,2,2
2041764,-73.8649534092,40.827857928,0,1,2,0,1
2042007,-73.9630043941,40.8051004873,0,1,0,4,4
2042041,-73.923614829,40.7728387419,0,1,0,4,4
2042063,-74.0054977523,40.674692192,1,0,1,2,2
2042133,-73.9453712484,40.6318003643,1,0,1,2,0
2042259,-73.9818603482,40.6705435373,1,0,1,2,2
2042414,-74.0256635633,40.6345497763,1,0,1,3,5
2042539,-73.9816876371,40.7350180459,1,0,0,4,2
2042576,-73.8361119246,40.7058605375,0,2,3,1,3
2042701,-73.9694250125,40.801108793,0,1,0,4,4
2042810,-73.8767928238,40.8307009876,0,1,2,0,1
2042891,-73.9722965239,40.6274677479,1,0,1,2,0
2042897,-73.9795485948,40.6033919408,1,0,1,2,0
2042915,-73.9608860653,40.6726078796,1,0,1,2,2
2043127,-73.7452049061,40.7327394365,0,2,3,1,3
2043149,-73.927896847,40.8327808388,0,1,2,0,1
2043173,-73.999596006,40.7117823814,1,0,0,4,2
2043196,-73.9186505693,40.7580302021,0,1,0,4,4
2043321,-73.8345244721,40.7060504002,0,2,3,1,3
2043370,-73.9130128316,40.8074368134,0,1,2,0,4
2043447,-73.8895406784,40.7680078172,0,1,0,4,4
2043664,-73.835702925,40.5791247902,1,2,3,2,0
2043667,-73.9708778561,40.7909152463,0,1,0,4,4
2043787,-73.9280418647,40.7020351905,1,0,0,2,2
2043816,-73.9639908077,40.7043960806,1,0,0,4,2
2043870,-73.9409772689,40.6139268544,1,0,1,2,0
2044075,-73.953852023,40.7778831792,0,1,0,4,4
2044317,-73.9487146554,40.772394276,0,1,0,4,4
2044477,-73.8895661565,40.752642755,0,2,0,1,3
2044561,-73.823523073,40.7158520943,0,2,3,1,3
2044916,-73.963571818,40.804521531,0,1,0,4,4
2045138,-73.8743145939,40.8284394117,0,1,2,0,1
2045214,-73.9607738374,40.648895689,1,0,1,2,0
2045285,-73.9483419104,40.8014498533,0,1,0,4,4
2045294,-73.944057653,40.7547516471,0,1,0,4,4
2045307,-73.9218558681,40.862658521,0,1,2,0,1
2045483,-73.895016118,40.8672071453,0,1,2,0,1
2045487,-73.8561853416,40.8521846928,0,1,2,0,1
2045489,-73.7924752092,40.7632489692,0,2,3,1,3
2045582,-74.0826572337,40.6222262687,1,0,1,3,5
2045786,-73.9837185585,40.7373843281,1,0,0,4,2
2045789,-73.8715881899,40.7301830078,0,2,3,1,3
2045792,-73.8100901566,40.5877232184,1,2,3,1,3
2046034,-73.8741820707,40.8278189611,0,1,2,0,1
2046290,-73.9253269453,40.7431581867,0,1,0,4,4
2046572,-73.9316177231,40.7741612441,0,1,0,4,4
2046761,-73.8704628054,40.8673578546,0,1,2,0,1
2047162,-73.9360881742,40.7094892318,1,0,0,4,2
2047201,-73.7453204524,40.6014921423,1,2,3,1,3
2047234,-73.8272074397,40.7654444555,0,2,3,1,3
2047327,-73.9867639212,40.5748580549,1,0,1,2,0
2047390,-73.9877475238,40.76626231,0,1,0,4,4
2047619,-73.9184187342,40.7734362781,0,1,0,4,4
2047682,-73.8110952983,40.7287794275,0,2,3,1,3
2047999,-73.9230856997,40.7620762576,0,1,0,4,4
2048070,-73.8774612532,40.7463724825,0,2,3,1,3
2048229,-73.8485797148,40.6966991029,0,2,3,1,3
2048306,-73.9191710967,40.7574157454,0,1,0,4,4
2048395,-73.9917139159,40.7166046294,1,0,0,4,2
2048669,-73.9745225919,40.6471209368,1,0,1,2,0
2048693,-73.8236586105,40.7546110426,0,2,3,1,3
2048986,-73.9641041414,40.674769067,1,0,1,2,2
2049229,-74.0641822196,40.6119560716,1,0,1,3,5
2049245,-73.9405580747,40.69637988,1,0,0,2,2
2049265,-74.0786984032,40.6436493815,1,0,1,3,5
2049716,-73.9383985846,40.6995709092,1,0,0,2,2
2049882,-73.8827866984,40.8435689588,0,1,2,0,1
2049993,-73.931211556,40.8003649706,0,1,0,4,4
2050213,-73.9455944264,40.6629729842,1,0,1,2,2
2050265,-73.9978748925,40.6153226191,1,0,1,2,0
2050270,-73.9855675714,40.7805593992,0,1,0,4,4
2050304,-74.0789757046,40.6161134576,1,0,1,3,5
2050545,-73.9133266464,40.6995986759,1,2,0,2,2
2050561,-73.9539333198,40.8012875397,0,1,0,4,4
2050582,-74.0296661794,40.6340492619,1,0,1,3,5
2050811,-73.9965790827,40.7389911083,1,0,0,4,2
2050834,-73.9952160313,40.5744936588,1,0,1,2,0
2050936,-73.950633074,40.668349533,1,0,1,2,2
2051002,-73.9310043076,40.7563859266,0,1,0,4,4
2051171,-73.8640811226,40.6746751689,1,2,3,1,3
2051514,-73.9170935134,40.7648909528,0,1,0,4,4
2051602,-73.8623134149,40.8760792993,0,1,2,0,1
2051682,-73.9492425521,40.7476835784,0,1,0,4,4
2051753,-73.8816361744,40.7426769224,0,2,3,1,3
2051956,-73.9246131469,40.7712062792,0,1,0,4,4
2051957,-73.9538731875,40.8046662734,0,1,0,4,4
2052197,-73.9632146069,40.6534885172,1,0,1,2,2
2052850,-73.9788277122,40.6508217778,1,0,1,2,2
2052909,-73.9224024667,40.762915691,0,1,0,4,4
2052935,-73.9565897625,40.6159567236,1,0,1,2,0
2052936,-73.8832575629,40.8821214969,0,1,2,0,1
2053004,-73.9481121994,40.8320204413,0,1,2,0,4
2053283,-73.9848666183,40.7190110874,1,0,0,4,2
2053352,-73.9482274833,40.7813885622,0,1,0,4,4
2053594,-73.9379522333,40.6637870602,1,0,1,2,2
2053604,-73.9009541965,40.8784107498,0,1,2,0,1
2053782,-73.9599336398,40.6617931277,1,0,1,2,2
2053823,-73.8579783333,40.7387142004,0,2,3,1,3
2053916,-73.9539911792,40.8011887527,0,1,0,4,4
2053927,-73.9366740161,40.8255948401,0,1,2,0,4
2054306,-73.9583015466,40.6549168723,1,0,1,2,2
2054421,-73.9633486191,40.6522753662,1,0,1,2,2
2054449,-73.9416691596,40.7083366496,1,0,0,4,2
2054572,-73.9090841071,40.7667211437,0,1,0,4,4
2054924,-74.0820776506,40.6196054069,1,0,1,3,5
2055113,-73.9864931004,40.7748394805,0,1,0,4,4
2055119,-73.8523286363,40.7251040712,0,2,3,1,3
2055239,-73.8740566935,40.8272424335,0,1,2,0,1
2055417,-73.9201922461,40.7667513317,0,1,0,4,4
2055720,-73.8756161977,40.73717558,0,2,3,1,3
2056179,-73.9064405249,40.9036417312,0,1,2,0,1
2056251,-73.9492409122,40.6408901292,1,0,1,2,0
2056396,-73.9493902225,40.7718319032,0,1,0,4,4
2056458,-73.9705558168,40.6780124778,1,0,1,2,2
2056459,-73.7811200181,40.7803634137,0,2,3,1,3
2056492,-73.9539765457,40.6551814668,1,0,1,2,2
2056548,-73.7735414864,40.6729625678,0,2,3,1,3
2056686,-73.96630968,40.6905768788,1,0,0,2,2
2056786,-73.9798294481,40.7227349529,1,0,0,4,2
2056794,-73.9535772498,40.8094776562,0,1,0,4,4
2056812,-73.9208264648,40.8345300733,0,1,2,0,1
2057015,-73.7898758461,40.6946718307,0,2,3,1,3
2057225,-73.9180875046,40.7462630683,0,1,0,4,4
2057302,-73.877868303,40.7507260898,0,2,3,1,3
2057368,-73.9941729543,40.73004037,1,0,0,4,2
2057480,-73.8951849616,40.833488587,0,1,2,0,1
2057999,-73.864724569,40.9013168148,0,1,2,0,1
2058169,-73.8317090065,40.7040536156,0,2,3,1,3
2058600,-73.9509651958,40.6873023419,1,0,0,2,2
2058673,-74.0022102916,40.6860199807,1,0,1,2,2
2059413,-73.8606141769,40.8638688432,0,1,2,0,1
2059677,-73.9248689063,40.7653134866,0,1,0,4,4
2059818,-73.9525428505,40.8011085684,0,1,0,4,4
2060008,-73.9414203403,40.8437151924,0,1,2,0,1
2060053,-73.9513198968,40.6607769812,1,0,1,2,2
2060153,-73.9784438879,40.6118457087,1,0,1,2,0
2060189,-73.8647059028,40.86783706,0,1,2,0,1
2060294,-73.8579936329,40.6925939457,1,2,3,1,3
2060456,-73.9537327426,40.809247162,0,1,0,4,4
2060510,-73.9052950999,40.7453118106,0,2,0,4,4
2060584,-73.7850582082,40.8433788448,0,1,2,0,1
2060783,-73.9231568729,40.7660918643,0,1,0,4,4
2060858,-73.8546636672,40.8405507064,0,1,2,0,1
2060866,-73.9468944609,40.8274334697,0,1,2,0,4
2061014,-73.9641535007,40.6500084293,1,0,1,2,2
2061019,-73.8966789599,40.86041826,0,1,2,0,1
2061118,-73.8837283911,40.8817185026,0,1,2,0,1
2061375,-73.9022287219,40.8576180114,0,1,2,0,1
2061562,-74.035665894,40.6222614305,1,0,1,3,5
2061603,-73.9089738672,40.707387708,1,2,0,4,2
2061647,-73.9533068621,40.8035571763,0,1,0,4,4
2061827,-73.7383158163,40.7283899995,0,2,3,1,3
2061848,-73.884752608,40.6350822694,1,2,3,2,0
2062389,-73.957024402,40.6289973911,1,0,1,2,0
2062500,-73.9734539705,40.7878994084,0,1,0,4,4
2062517,-73.960827796,40.6490603944,1,0,1,2,0
2062711,-73.9614530515,40.6459178281,1,0,1,2,0
2062723,-73.9174968692,40.85017807,0,1,2,0,1
2062873,-73.9386387353,40.6815873027,1,0,0,2,2
2063082,-73.8789855508,40.6602158415,1,2,3,2,3
2063358,-73.8818760497,40.6623378177,1,2,3,2,3
2063504,-73.9985772457,40.6159264844,1,0,1,2,0
2063632,-73.9239950233,40.6927882098,1,0,0,2,2
2063774,-73.9312020453,40.8549985233,0,1,2,0,1
2064023,-74.1285939491,40.6282473111,1,0,1,3,5
2064171,-73.9452193519,40.8300127179,0,1,2,0,4
2064178,-73.971193004,40.6050809448,1,0,1,2,0
2064261,-74.0867072002,40.6479803831,1,0,1,3,5
2064414,-73.9544243005,40.6908582416,1,0,0,2,2
2064589,-73.8239081167,40.7667267462,0,2,3,1,3
2064631,-73.7339913373,40.6529891624,0,2,3,1,3
2064633,-74.0000360864,40.740429409,1,0,0,4,2
2064656,-73.9871798739,40.7332923382,1,0,0,4,2
2064693,-73.924792457,40.8681800596,0,1,2,0,1
2064698,-73.8367033575,40.8796304751,0,1,2,0,1
2065211,-73.9601841892,40.6828538811,1,0,1,2,2
2065303,-73.7247185581,40.7630081819,0,2,3,1,3
2065628,-73.9429509045,40.8332586139,0,1,2,0,4
2065710,-73.9549348449,40.5757036124,1,0,1,2,0
2065820,-73.8611589424,40.6704694228,1,2,3,1,3
2065821,-73.9415394498,40.6835019198,1,0,0,2,2
2066099,-73.9909715322,40.6046889497,1,0,1,2,0
2066349,-73.8074340836,40.7609226934,0,2,3,1,3
2066389,-73.9598666669,40.6473006567,1,0,1,2,0
2066487,-73.9502780826,40.8012256371,0,1,0,4,4
2066696,-73.9551568383,40.5774768425,1,0,1,2,0
2066739,-73.8200877983,40.7590273144,0,2,3,1,3
2066908,-73.9570616295,40.7335210954,1,0,0,4,2
2067296,-73.9708276159,40.6830437162,1,0,1,2,2
2067364,-73.9518474188,40.8137779264,0,1,0,4,4
2067373,-73.9372638071,40.8208824828,0,1,2,0,4
2067396,-74.09053765,40.6398501194,1,0,1,3,5
2067451,-73.8499528341,40.7259299175,0,2,3,1,3
2067580,-73.9623735284,40.7198019138,1,0,0,4,2
2067869,-73.939644169,40.813585543,0,1,2,4,4
2067892,-73.9550910867,40.6538506882,1,0,1,2,2
2067894,-73.8801181521,40.6617486158,1,2,3,2,3
2067895,-73.8636831716,40.6806473335,1,2,3,1,3
2068021,-73.9265650844,40.8672781961,0,1,2,0,1
2068022,-73.95391939,40.6127031035,1,0,1,2,0
2068163,-73.8222342329,40.8447266542,0,1,2,0,1
2068174,-73.9588519749,40.6682018035,1,0,1,2,2
2068430,-73.9383921475,40.5972618382,1,0,1,2,0
2068431,-73.991831072,40.761429181,0,1,0,4,4
2068585,-74.020714686,40.6394721774,1,0,1,3,5
2068719,-73.9031753899,40.8529692825,0,1,2,0,1
2068852,-73.9189328967,40.8285699839,0,1,2,0,1
2069114,-73.9016631388,40.8244998593,0,1,2,0,1
2069208,-73.9856488721,40.6713949529,1,0,1,2,2
2069267,-73.8715962532,40.6754413602,1,2,3,1,3
2069292,-73.9501029643,40.7746428265,0,1,0,4,4
2069465,-73.9095394781,40.8195081744,0,1,2,0,1
2069597,-73.9838197661,40.7812618192,0,1,0,4,4
2069719,-73.9418995242,40.8330302779,0,1,2,0,4
2069822,-73.9845832093,40.7745537881,0,1,0,4,4
2069933,-73.983350013,40.6959878002,1,0,0,2,2
2070173,-73.9540019386,40.6131258348,1,0,1,2,0
2070191,-73.9952911424,40.6323923958,1,0,1,2,0
2070214,-73.9298748142,40.8521185304,0,1,2,0,1
2070218,-73.949087488,40.7758555565,0,1,0,4,4
2070219,-74.1844544941,40.5626857156,1,0,1,3,5
2070222,-74.0787477484,40.5969165058,1,0,1,3,5
2070269,-73.806926478,40.7318082196,0,2,3,1,3
2070297,-73.9506760683,40.5955852054,1,0,1,2,0
2070341,-73.9073648144,40.7569869103,0,1,0,4,4
2070626,-73.7942578546,40.6956761014,0,2,3,1,3
2070703,-73.9940361734,40.7667129447,0,1,0,4,4
2070756,-73.8240544013,40.8206747383,0,1,2,0,1
2070867,-73.8487387774,40.7267297992,0,2,3,1,3
2070935,-73.9185331037,40.6356765915,1,0,1,2,0
2070988,-73.856749746,40.8401992481,0,1,2,0,1
2071032,-73.9203575103,40.8277969668,0,1,2,0,1
2071150,-73.8898619917,40.835673908,0,1,2,0,1
2071239,-73.936862381,40.7641651469,0,1,0,4,4
2071300,-73.7460674732,40.766773612,0,2,3,1,3
2071512,-73.9903570668,40.6202244337,1,0,1,2,0
2071516,-73.9200955397,40.6938972002,1,0,0,2,2
2071554,-73.9394791201,40.8441231517,0,1,2,0,1
2071557,-73.9908263654,40.6914295784,1,0,1,2,2
2071688,-73.8965959175,40.9091775829,0,1,2,0,1
2071689,-73.866126255,40.8232179761,0,1,2,0,1
2071711,-73.9289678884,40.6554569432,1,0,1,2,2
2072059,-73.9365840713,40.7986498518,0,1,0,4,4
2072247,-73.9531850122,40.8175991281,0,1,2,4,4
2072525,-73.9530367172,40.6079350374,1,0,1,2,0
2072653,-73.9220990442,40.7723409292,0,1,0,4,4
2072744,-73.9693390911,40.7994482103,0,1,0,4,4
2072903,-73.7606221247,40.7239179013,0,2,3,1,3
2072992,-73.9470406486,40.8117364904,0,1,0,4,4
2072995,-73.9113390302,40.8409677523,0,1,2,0,1
2073192,-73.9617233719,40.6269761414,1,0,1,2,0
2073193,-73.9563715418,40.6191790278,1,0,1,2,0
2073275,-73.7517240108,40.7000771726,0,2,3,1,3
2073662,-73.8647555612,40.8558647295,0,1,2,0,1
2073751,-73.9960265579,40.7459462887,1,0,0,4,4
2073767,-73.8661659971,40.8735202861,0,1,2,0,1
2073927,-73.8636867265,40.6806720407,1,2,3,1,3
2073942,-73.95890293,40.6557075858,1,0,1,2,2
2074101,-73.8958365402,40.8581668472,0,1,2,0,1
2074122,-73.9823628713,40.7195981096,1,0,0,4,2
2074189,-73.8733767564,40.7288345673,0,2,3,1,3
2074217,-73.7994255986,40.6836823133,0,2,3,1,3
2074453,-73.953063873,40.7742131468,0,1,0,4,4
2074699,-73.8605304465,40.8555248451,0,1,2,0,1
2074793,-73.8966284759,40.883594422,0,1,2,0,1
2074817,-73.8784661027,40.7593671898,0,2,3,1,3
2074934,-73.8363826719,40.7160494985,0,2,3,1,3
2075004,-73.9863874195,40.7442904688,1,0,0,4,4
2075094,-73.9826955968,40.5913345596,1,0,1,2,0
2075119,-73.8685695783,40.8593768686,0,1,2,0,1
2075267,-73.9361449182,40.6690807487,1,0,1,2,2
2075698,-73.9745963499,40.7941247156,0,1,0,4,4
2075723,-73.8569584869,40.6893291284,1,2,3,1,3
2075969,-74.0957336763,40.5847413957,1,0,1,3,5
2076061,-73.8899642978,40.7432258965,0,2,0,1,3
2076217,-73.97938546,40.7468475349,1,0,0,4,4
2076282,-73.9849685434,40.7469417203,1,0,0,4,4
2076435,-73.9171218022,40.6232142349,1,0,1,2,0
2076444,-73.9848783279,40.7469005372,1,0,0,4,4
2076551,-74.0840297744,40.6451826896,1,0,1,3,5
2076691,-73.9228160873,40.8265223456,0,1,2,0,4
2076781,-73.9732505089,40.5842374392,1,0,1,2,0
2076878,-74.107849886,40.5789418694,1,0,1,3,5
2077262,-73.8705167952,40.8693395873,0,1,2,0,1
2078003,-74.0315920306,40.6152496777,1,0,1,3,5
2078033,-73.9194023995,40.7064622621,1,0,0,4,2
2078159,-73.7945865185,40.7669142484,0,2,3,1,3
2078161,-73.9733185272,40.6392705783,1,0,1,2,0
2078421,-73.9523006697,40.6400625136,1,0,1,2,0
2078600,-73.948381965,40.7730858017,0,1,0,4,4
2078716,-73.9670881272,40.6403229618,1,0,1,2,0
2078951,-74.0896751387,40.5905872228,1,0,1,3,5
2079125,-73.963698204,40.718490344,1,0,0,4,2
2079404,-73.9775158427,40.6083102353,1,0,1,2,0
2079764,-73.7079593136,40.7363344816,0,2,3,1,3
2079778,-73.9027183195,40.8169994361,0,1,2,0,1
2080159,-73.9996684207,40.6569198862,1,0,1,2,2
2080263,-73.9485941255,40.7882231138,0,1,0,4,4
2080268,-73.9921565894,40.7253631856,1,0,0,4,2
2080454,-73.9821944782,40.6342356111,1,0,1,2,0
2080486,-73.9482199464,40.628562831,1,0,1,2,0
2080672,-73.9708467373,40.6393056604,1,0,1,2,0
2080994,-73.9603990618,40.8128095495,0,1,0,4,4
2081070,-73.8975964857,40.8162786287,0,1,2,0,1
2081134,-73.9140913782,40.7582409825,0,1,0,4,4
2081217,-73.9733312101,40.7878472301,0,1,0,4,4
2081237,-73.8614767445,40.684078413,1,2,3,1,3
2081526,-73.9533838964,40.8173439498,0,1,2,4,4
2081527,-73.8705961544,40.728227629,0,2,3,1,3
2081751,-73.9580147575,40.8013741851,0,1,0,4,4
2081845,-73.9246917359,40.826221667,0,1,2,0,4
2081947,-74.005036792,40.6334491253,1,0,1,2,0
2082552,-73.9156945038,40.8120636655,0,1,2,0,4
2082669,-74.0796836406,40.6449113046,1,0,1,3,5
2082710,-73.9453251962,40.7935518778,0,1,0,4,4
2082725,-73.9524015903,40.6046602344,1,0,1,2,0
2083162,-73.9123919908,40.6945585729,1,2,0,2,2
2083390,-73.9810324868,40.7295064727,1,0,0,4,2
2083711,-73.9852674797,40.7660204824,0,1,0,4,4
2083884,-73.9715162513,40.7928284831,0,1,0,4,4
2083885,-73.8671620222,40.7224624666,0,2,3,1,3
2083966,-73.7476838598,40.5993069981,1,2,3,1,3
2085012,-73.970758202,40.7508941714,0,1,0,4,4
2085070,-73.9109893956,40.6592926196,1,0,1,2,2
2085092,-73.8585298214,40.7373068194,0,2,3,1,3
2085147,-73.9022912329,40.7412470684,0,2,0,4,4
2085232,-73.9334537212,40.855378613,0,1,2,0,1
2085233,-73.934147852,40.5851219767,1,0,1,2,0
2085334,-73.9517440364,40.7769930209,0,1,0,4,4
2085481,-73.8328247738,40.7020954756,0,2,3,1,3
2085505,-73.9143968302,40.8379453913,0,1,2,0,1
2085598,-73.9240803422,40.7698719855,0,1,0,4,4
2085781,-73.9466993585,40.6153981148,1,0,1,2,0
2085868,-73.8797435421,40.7455843995,0,2,3,1,3
2085875,-73.9276881744,40.675663208,1,0,1,2,2
2085961,-73.8481047398,40.8656041728,0,1,2,0,1
2086069,-73.9634446431,40.5756846769,1,0,1,2,0
2086170,-73.9396186771,40.8257556131,0,1,2,0,4
2086232,-73.9482275244,40.6141499321,1,0,1,2,0
2086584,-73.9796372438,40.7259984358,1,0,0,4,2
2086829,-73.9898424631,40.7589450298,0,1,0,4,4
2086988,-73.8641426822,40.6833899081,1,2,3,1,3
2087007,-73.8918357577,40.7441526508,0,2,0,1,3
2087220,-73.938089849,40.6980446529,1,0,0,2,2
2087353,-73.8866603161,40.8355802306,0,1,2,0,1
2087470,-73.8980601299,40.8956778049,0,1,2,0,1
2088146,-73.9141698453,40.8402096089,0,1,2,0,1
2088249,-73.9476533024,40.8136086705,0,1,2,4,4
2088450,-73.9831453662,40.7209239455,1,0,0,4,2
2088805,-73.9286231807,40.7620523741,0,1,0,4,4
2088896,-73.9782359941,40.6750498304,1,0,1,2,2
2088900,-73.9476011082,40.6504769267,1,0,1,2,0
2088904,-73.950362413,40.7704791695,0,1,0,4,4
2088941,-73.9301311376,40.8661880211,0,1,2,0,1
2088971,-73.8734834445,40.7353534835,0,2,3,1,3
2088972,-73.9211615626,40.6981221347,1,0,0,2,2
2089017,-73.95738807,40.5898073423,1,0,1,2,0
2089205,-73.9719429368,40.7829997014,0,1,0,4,4
2089329,-73.9039261228,40.8537548955,0,1,2,0,1
2089393,-73.8750265563,40.8957100607,0,1,2,0,1
2089446,-73.9167827096,40.8056170987,0,1,2,0,4
2089499,-73.9802391854,40.6670875961,1,0,1,2,2
2089523,-73.8924397423,40.8841669793,0,1,2,0,1
2089910,-74.006151389,40.6086251766,1,0,1,2,0
2089924,-73.9960092868,40.733032231,1,0,0,4,2
2089990,-73.912775696,40.6989614735,1,2,0,2,2
2090037,-74.119649915,40.6148321797,1,0,1,3,5
2090075,-73.9766685658,40.6109560487,1,0,1,2,0
2090351,-73.9904708825,40.6051692486,1,0,1,2,0
2090352,-73.8959460244,40.7442854409,0,2,0,4,4
2091062,-73.9040032176,40.7427334192,0,2,0,4,4
2091282,-73.9350232462,40.5845735147,1,0,1,2,0
2091344,-73.9533893712,40.7785774113,0,1,0,4,4
2091417,-73.9470202236,40.7783989959,0,1,0,4,4
2091871,-73.9079077084,40.8760231362,0,1,2,0,1
2092298,-73.964226922,40.6945451864,1,0,0,2,2
2092496,-73.8358983066,40.7149838401,0,2,3,1,3
2092593,-73.8561292488,40.7260421015,0,2,3,1,3
2092602,-73.8835954597,40.7448994241,0,2,3,1,3
2092833,-73.7888533319,40.6782122645,0,2,3,1,3
2092891,-74.0717779892,40.6117621885,1,0,1,3,5
2092915,-74.0006855748,40.7339325774,1,0,0,4,2
2092918,-73.930498661,40.8570099683,0,1,2,0,1
2092919,-73.9444460678,40.6612185212,1,0,1,2,2
2092928,-73.9653006658,40.6408247321,1,0,1,2,0
2092929,-73.9491153867,40.5928671736,1,0,1,2,0
2093026,-73.8889495855,40.8713487035,0,1,2,0,1
2093080,-73.819409868,40.8173546755,0,1,2,0,1
2093229,-73.9523420403,40.7839374511,0,1,0,4,4
2093363,-73.915730127,40.8039008802,0,1,2,4,4
2093369,-73.9217231319,40.6160590397,1,0,1,2,0
2093425,-73.9826785842,40.6708016724,1,0,1,2,2
2093440,-73.9676047802,40.7636289444,0,1,0,4,4
2093443,-73.9373486004,40.7653566306,0,1,0,4,4
2093563,-73.9882745505,40.7664846889,0,1,0,4,4
2093566,-73.8513841006,40.8784755843,0,1,2,0,1
2093615,-74.2027396973,40.5443826533,1,0,1,3,5
2093669,-73.909653246,40.6878070639,1,2,0,2,2
2093696,-73.7952835533,40.7151438527,0,2,3,1,3
2093734,-73.7585686697,40.695214264,0,2,3,1,3
2093945,-73.8460489569,40.7260043621,0,2,3,1,3
2093997,-73.9560102999,40.6863354768,1,0,0,2,2
2094023,-73.8816590029,40.7440465775,0,2,3,1,3
2094054,-73.9564767442,40.6567112833,1,0,1,2,2
2094111,-73.8193302636,40.7867919617,0,2,3,1,3
2094163,-73.9489181627,40.5918048485,1,0,1,2,0
2094477,-73.8089801731,40.7567587358,0,2,3,1,3
2094702,-73.9679034518,40.8030543903,0,1,0,4,4
2094950,-73.9560847533,40.770382682,0,1,0,4,4
2095078,-73.9612555606,40.5764442702,1,0,1,2,0
2095292,-73.9457731897,40.8376871951,0,1,2,0,4
2095384,-73.9212343434,40.7616715294,0,1,0,4,4
2095464,-74.0785867591,40.6437016088,1,0,1,3,5
2095469,-73.8858112179,40.879711468,0,1,2,0,1
2095489,-73.9874706863,40.7218467363,1,0,0,4,2
2095642,-73.9968524579,40.6047496467,1,0,1,2,0
2095736,-73.9576545366,40.6522185151,1,0,1,2,2
2096096,-73.9582524893,40.6411627428,1,0,1,2,0
2096245,-73.8885703894,40.8236068963,0,1,2,0,1
2096338,-73.9378733389,40.6246518686,1,0,1,2,0
2096376,-73.9281983866,40.6873041124,1,0,0,2,2
2096454,-73.8638405203,40.6812788184,1,2,3,1,3
2096646,-73.949022852,40.5867325033,1,0,1,2,0
2096652,-73.9862544601,40.7240451487,1,0,0,4,2
2096727,-73.8770818895,40.7329090578,0,2,3,1,3
2096868,-73.9641392316,40.6296228976,1,0,1,2,0
2096876,-73.8574451944,40.7298479753,0,2,3,1,3
2097193,-73.9650706929,40.6740282752,1,0,1,2,2
2097710,-73.8661258258,40.8360028668,0,1,2,0,1
2097742,-73.9642028858,40.6855807601,1,0,1,2,2
2098015,-73.9421247197,40.7112353497,1,0,0,4,2
2098355,-73.9518448667,40.6525401137,1,0,1,2,2
2099248,-73.8494671756,40.7253089676,0,2,3,1,3
2099495,-73.9037867278,40.8826482039,0,1,2,0,1
2100260,-73.8939500745,40.7557813767,0,1,0,4,4
2100603,-73.981281803,40.7282219677,1,0,0,4,2
2100904,-73.8506061438,40.7209737271,0,2,3,1,3
2101217,-73.9405328462,40.7246646515,1,0,0,4,2
2101470,-73.9705983398,40.6388033013,1,0,1,2,0
2101714,-73.8563199583,40.7396645736,0,2,3,1,3
2101785,-73.9252762774,40.6853699325,1,0,0,2,2
2102566,-73.7421870727,40.5959955367,1,2,3,1,3
2102669,-73.7790801949,40.6975638218,0,2,3,1,3
2102828,-73.9619399004,40.5757747668,1,0,1,2,0
2103132,-73.9774749962,40.7186969759,1,0,0,4,2
2103218,-73.9077791864,40.8852589175,0,1,2,0,1
2103283,-73.9830306021,40.7324272039,1,0,0,4,2
2103463,-73.9122842865,40.8422090837,0,1,2,0,1
2103502,-73.8965856013,40.6670400666,1,2,3,2,2
2103568,-73.9710197335,40.6889834499,1,0,1,2,2
2103715,-73.8803389829,40.8741945794,0,1,2,0,1
2103807,-73.9829692033,40.7750119321,0,1,0,4,4
2103913,-73.8946161306,40.834424016,0,1,2,0,1
2103988,-73.9017002793,40.8776264057,0,1,2,0,1
2104057,-73.9137791043,40.6955312688,1,2,0,2,2
2104423,-73.9084874401,40.8909354936,0,1,2,0,1
2104719,-73.9671744345,40.6406688295,1,0,1,2,0
2104724,-73.7098517251,40.7467419284,0,2,3,1,3
2105166,-73.9064542064,40.8785004244,0,1,2,0,1
2105320,-73.8921657925,40.7565235468,0,1,0,4,4
2106452,-73.9746963707,40.6069866578,1,0,1,2,0
2106491,-73.9423439101,40.7956089725,0,1,0,4,4
2106892,-73.9494885145,40.7802802486,0,1,0,4,4
2107191,-73.981674039,40.6007819976,1,0,1,2,0
2107260,-73.9747140754,40.7884486382,0,1,0,4,4
2107297,-73.9051355769,40.7128768822,1,2,0,4,2
2107356,-73.8654479955,40.8638169426,0,1,2,0,1
2107405,-73.8275678384,40.8479433178,0,1,2,0,1
2107787,-73.8477558689,40.8458555569,0,1,2,0,1
2107846,-73.9542642515,40.808533746,0,1,0,4,4
2107879,-73.9540328443,40.8088492971,0,1,0,4,4
2108106,-73.9293946565,40.8617713533,0,1,2,0,1
2108200,-73.9614923954,40.6526727532,1,0,1,2,2
2108258,-73.9384681278,40.8469469202,0,1,2,0,1
2108311,-73.9989087688,40.6069043494,1,0,1,2,0
2108393,-73.8923590606,40.8424200213,0,1,2,0,1
2108644,-74.0243433769,40.620507719,1,0,1,3,5
2109535,-73.9589583103,40.8117358594,0,1,0,4,4
2109577,-73.9966768704,40.7318437735,1,0,0,4,2
2109670,-73.9664358125,40.5832749699,1,0,1,2,0
2110185,-73.8902249955,40.8719235653,0,1,2,0,1
2110221,-73.9641921315,40.7190367059,1,0,0,4,2
2111814,-73.8550517575,40.7536612234,0,2,3,1,3
2112051,-73.965157204,40.6740475148,1,0,1,2,2
2112580,-73.9329608946,40.856572273,0,1,2,0,1
2112733,-73.9235825247,40.6153576235,1,0,1,2,0
2113304,-73.9529141405,40.7817281749,0,1,0,4,4
2113312,-73.8820402097,40.75295094,0,2,0,1,3
2115631,-73.8761108021,40.7389849067,0,2,3,1,3
2115791,-73.9604991717,40.57717962,1,0,1,2,0
2116075,-73.9901045796,40.7196896123,1,0,0,4,2
2116192,-73.9500270316,40.7988485946,0,1,0,4,4
2116461,-73.8665541478,40.8584825267,0,1,2,0,1
2116755,-73.8896013831,40.8685909088,0,1,2,0,1
2116916,-73.9836275618,40.6084100811,1,0,1,2,0
2117177,-74.1504749388,40.6197805118,1,0,1,3,5
2117261,-74.2366500317,40.5114677132,1,0,1,3,5
2117675,-73.8943763821,40.8830077641,0,1,2,0,1
2118467,-74.0019549697,40.7093011001,1,0,0,4,2
2120057,-73.8930982977,40.7512462652,0,2,0,4,4
2120472,-73.9587068917,40.652177726,1,0,1,2,2
2120787,-73.833458094,40.7127762885,0,2,3,1,3
2120815,-73.7826052555,40.7788922976,0,2,3,1,3
2120953,-73.8673173147,40.8383537183,0,1,2,0,1
2121342,-73.7483527646,40.6081412559,1,2,3,1,3
2121390,-73.8890888919,40.7444739191,0,2,0,1,3
2121638,-73.9831779714,40.6060385129,1,0,1,2,0
2121730,-73.8724735313,40.8331665362,0,1,2,0,1
2121808,-73.7776459567,40.6702065753,0,2,3,1,3
2121826,-73.9509463528,40.6540987704,1,0,1,2,2
2122419,-73.9816515582,40.7350015717,1,0,0,4,2
2122584,-73.952766898,40.653336483,1,0,1,2,2
2122598,-73.8229943785,40.7546484504,0,2,3,1,3
2122610,-73.831907514,40.7540607011,0,2,3,1,3
2122627,-73.8536309793,40.8992584944,0,1,2,0,1
2122741,-74.0103258836,40.6340937971,1,0,1,2,0
2122820,-73.8765415593,40.7538427108,0,2,3,1,3
2122848,-73.885623334,40.8712109645,0,1,2,0,1
2123039,-73.9021936158,40.8593663567,0,1,2,0,1
2123164,-73.8312740478,40.7661805854,0,2,3,1,3
2123668,-73.9077939081,40.7468756013,0,1,0,4,4
2124240,-74.0333312912,40.6143598734,1,0,1,3,5
2124309,-73.9079627858,40.6977802198,1,2,0,2,2
2124363,-73.9908914111,40.7168159138,1,0,0,4,2
2125326,-73.9165530848,40.818783368,0,1,2,0,4
2125840,-73.7522678634,40.7449168925,0,2,3,1,3
2126008,-73.7724707851,40.5958261787,1,2,3,1,3
2126048,-73.9097049832,40.8386554385,0,1,2,0,1
2126119,-74.0061738384,40.7345444941,1,0,0,4,2
2126331,-73.9372716793,40.8431942611,0,1,2,0,1
2126340,-73.9587132252,40.8108245241,0,1,0,4,4
2126477,-73.8843365465,40.8813650485,0,1,2,0,1
2127111,-73.9112777143,40.7541574116,0,1,0,4,4
2127183,-73.9103155744,40.6591630915,1,0,1,2,2
2127297,-73.8676699096,40.7464824183,0,2,3,1,3
2127298,-73.973873946,40.7943633456,0,1,0,4,4
2127554,-73.8073055236,40.7417256705,0,2,3,1,3
2127640,-73.9447970728,40.8381203963,0,1,2,0,4
2127830,-73.8437230689,40.7224220592,0,2,3,1,3
2127854,-73.9153335448,40.7749162116,0,1,0,4,4
2127999,-73.946966631,40.6779463828,1,0,1,2,2
2128075,-73.9511586263,40.6398232378,1,0,1,2,0
2128378,-73.9508321343,40.6525945809,1,0,1,2,2
2128379,-73.8629613638,40.6810005523,1,2,3,1,3
2128508,-73.8909690669,40.7511152662,0,2,0,4,4
2128774,-73.9523657974,40.669969682,1,0,1,2,2
2130157,-73.8589992183,40.7371674125,0,2,3,1,3
2131122,-73.8867718086,40.8741159848,0,1,2,0,1
2132208,-73.9212396454,40.8273995888,0,1,2,0,1
2132375,-73.875546051,40.8732563136,0,1,2,0,1
2132740,-73.7388752163,40.7568928856,0,2,3,1,3
2132861,-73.9764601399,40.7832614624,0,1,0,4,4
2133005,-73.9583586772,40.707737304,1,0,0,4,2
2133102,-73.9550946925,40.6538479448,1,0,1,2,2
2133383,-73.9821511037,40.6078169855,1,0,1,2,0
2133657,-73.9478212468,40.8343972311,0,1,2,0,4
2134486,-73.9018039607,40.751108544,0,1,0,4,4
2134623,-73.9031755242,40.8727420984,0,1,2,0,1
2134873,-73.9189437585,40.7069367845,1,0,0,4,2
2135381,-74.0015383768,40.6316074725,1,0,1,2,0
2135772,-73.9718407601,40.5891475513,1,0,1,2,0
2136625,-73.9407891377,40.6148709668,1,0,1,2,0
2138087,-73.9545064408,40.6656008625,1,0,1,2,2
2138333,-73.951456461,40.6761862194,1,0,1,2,2
2138370,-73.8238831221,40.7666224077,0,2,3,1,3
2138489,-73.9346257991,40.7956624927,0,1,0,4,4
2138653,-73.8759829852,40.7397999612,0,2,3,1,3
2139496,-74.1582840211,40.6105310357,1,0,1,3,5
2139675,-73.9369144785,40.6405601428,1,0,1,2,0
2139879,-73.8835082736,40.6606047801,1,2,3,2,3
2139883,-73.9126707303,40.7488089613,0,1,0,4,4
2139955,-73.9550398994,40.6121545883,1,0,1,2,0
2140037,-73.9044384877,40.8695016658,0,1,2,0,1
2140288,-73.890951024,40.6474865209,1,2,3,2,0
2140452,-73.9405427093,40.8106601359,0,1,2,4,4
2140528,-73.9124532054,40.8758839499,0,1,2,0,1
2141342,-73.9565082091,40.7466545254,0,1,0,4,4
2141414,-73.9135401534,40.8325184559,0,1,2,0,1
2141511,-73.944981727,40.8158553531,0,1,2,4,4
2141794,-73.9998488095,40.5763053288,1,0,1,2,0
2143471,-73.963932105,40.6129097961,1,0,1,2,0
2143476,-73.9872400668,40.7204413945,1,0,0,4,2
2143962,-73.9235483299,40.7427068806,0,1,0,4,4
2143996,-74.0777688249,40.6251858203,1,0,1,3,5
2144070,-73.9513319956,40.6540742311,1,0,1,2,2
2144080,-73.9884595026,40.7616402378,0,1,0,4,4
2144260,-73.9089366547,40.6712609964,1,0,3,2,2
2144261,-73.8957092894,40.6672808161,1,2,3,2,2
2144319,-73.9567550525,40.6276907702,1,0,1,2,0
2144552,-73.772413883,40.7076021976,0,2,3,1,3
2144557,-73.9304605647,40.8519569474,0,1,2,0,1
2144675,-73.9233250081,40.8364118892,0,1,2,0,1
2144924,-73.725106313,40.7434032877,0,2,3,1,3
2145000,-73.8578308279,40.7266672757,0,2,3,1,3
2145148,-73.9868256455,40.6086739924,1,0,1,2,0
2145152,-73.9863508964,40.7287963342,1,0,0,4,2
2145215,-73.9985572271,40.7088784141,1,0,0,4,2
2145270,-73.9080282882,40.8855747554,0,1,2,0,1
2145801,-74.1065601592,40.5670608062,1,0,1,3,5
2145815,-74.0031935364,40.7381265179,1,0,0,4,2
2146057,-73.9010602453,40.7026519458,1,2,0,1,2
2146372,-73.8226886027,40.7583314356,0,2,3,1,3
2146600,-74.0003783474,40.6418318135,1,0,1,2,0
2146627,-73.8045882251,40.7220164492,0,2,3,1,3
2146659,-73.9858073437,40.7737168003,0,1,0,4,4
2146715,-73.9512339649,40.6797159051,1,0,1,2,2
2147651,-73.7563130995,40.603917683,1,2,3,1,3
2148085,-73.9688342191,40.790055611,0,1,0,4,4
2148386,-73.9280173644,40.7614673667,0,1,0,4,4
2148527,-73.9851417882,40.7307010448,1,0,0,4,2
2150567,-73.8072130342,40.7088377562,0,2,3,1,3
2151425,-73.832820037,40.7586347828,0,2,3,1,3
2151514,-73.9405116864,40.8089940729,0,1,2,4,4
2151735,-73.8579605282,40.7233682332,0,2,3,1,3
2152027,-73.9509304884,40.6707678088,1,0,1,2,2
2152172,-73.8704189645,40.8657356882,0,1,2,0,1
2152488,-73.9511859243,40.7699744892,0,1,0,4,4
2152505,-74.0302852147,40.632591618,1,0,1,3,5
2152947,-74.1383685513,40.6112594038,1,0,1,3,5
2153363,-73.9887265683,40.7193326669,1,0,0,4,2
2153560,-73.8539719588,40.7308838868,0,2,3,1,3
2153640,-73.8570606554,40.6921316688,1,2,3,1,3
2153689,-73.9375703113,40.8099696392,0,1,2,4,4
2153779,-73.9329712787,40.5880033381,1,0,1,2,0
2154221,-73.972967994,40.7930072402,0,1,0,4,4
2156590,-73.8577307226,40.8310166475,0,1,2,0,1
2157080,-73.9389141253,40.8099731038,0,1,2,4,4
2157359,-73.9373430857,40.7136592166,1,0,0,4,2
2158053,-73.9714383366,40.7976619319,0,1,0,4,4
2158469,-73.9138828601,40.8385570793,0,1,2,0,1
2158494,-73.9405443864,40.808782746,0,1,2,4,4
2158554,-73.9812845202,40.7442403471,1,0,0,4,4
2158955,-74.0204505081,40.6357338251,1,0,1,3,5
2159505,-73.9164971888,40.8719675242,0,1,2,0,1
2159586,-73.9532967231,40.6429723955,1,0,1,2,0
2159687,-73.8130018504,40.7320954667,0,2,3,1,3
2159714,-73.7563591665,40.5952414422,1,2,3,1,3
2159733,-73.9188638195,40.7577970491,0,1,0,4,4
2161123,-73.9279989555,40.6616211192,1,0,1,2,2
2161829,-73.8631398291,40.8786383372,0,1,2,0,1
2162104,-73.9339915125,40.7979320222,0,1,0,4,4
2162820,-73.9156213957,40.7443536862,0,1,0,4,4
2162989,-73.8095188187,40.7223897657,0,2,3,1,3
2163060,-73.8918160279,40.8674237653,0,1,2,0,1
2163160,-73.9393830083,40.5926209094,1,0,1,2,0
2163623,-73.9164458232,40.806377144,0,1,2,0,4
2163636,-73.7829874064,40.6948703957,0,2,3,1,3
2164053,-73.8557682686,40.8661574572,0,1,2,0,1
2164467,-73.9494085381,40.828513273,0,1,2,0,4
2166327,-73.9262071288,40.6685450613,1,0,1,2,2
2166573,-73.940397965,40.6657124433,1,0,1,2,2
2166654,-73.9909141463,40.6029624683,1,0,1,2,0
2166943,-73.9065203435,40.7440117994,0,2,0,4,4
2166956,-73.9414854763,40.5929788232,1,0,1,2,0
2167081,-73.8266576373,40.6937340105,0,2,3,1,3
2167269,-74.0100071246,40.6467527776,1,0,1,2,0
2168265,-73.9500550143,40.5978768441,1,0,1,2,0
2168339,-73.9354213408,40.668064777,1,0,1,2,2
2168710,-73.9609986316,40.7082075834,1,0,0,4,2
2168724,-73.983772171,40.665416579,1,0,1,2,2
2169183,-73.9278980842,40.7616127635,0,1,0,4,4
2169240,-73.9846335588,40.7284694918,1,0,0,4,2
2169427,-73.9502808351,40.6573016447,1,0,1,2,2
2169452,-74.115869747,40.561905276,1,0,1,3,5
2169632,-74.1698026487,40.6036992566,1,0,1,3,5
2169651,-73.9193145478,40.8297010741,0,1,2,0,1
2170290,-73.9499372315,40.5916762914,1,0,1,2,0
2170597,-73.9233636095,40.6993697466,1,0,0,2,2
2171514,-73.8340827071,40.8907839092,0,1,2,0,1
2172186,-73.9872665006,40.7709063584,0,1,0,4,4
2172407,-74.0302208004,40.6335550557,1,0,1,3,5
2172548,-73.9136596327,40.7794328083,0,1,0,4,4
2172994,-74.0032932853,40.6390293406,1,0,1,2,0
2173186,-73.9227201798,40.6913189088,1,0,0,2,2
2173190,-73.9474723902,40.8276972271,0,1,2,0,4
2173199,-73.9289675664,40.8554637685,0,1,2,0,1
2173490,-73.9115679076,40.8890111252,0,1,2,0,1
2173633,-73.8698761838,40.8696682304,0,1,2,0,1
2173718,-73.9351906518,40.6680509234,1,0,1,2,2
2173817,-73.9133974983,40.8144087006,0,1,2,0,4
2174353,-73.9649753545,40.6839533481,1,0,1,2,2
2174373,-73.9401311935,40.6737792051,1,0,1,2,2
2174758,-73.8648774498,40.8528072706,0,1,2,0,1
2175050,-73.9495695448,40.6971280135,1,0,0,2,2
2176697,-73.9040011794,40.861860063,0,1,2,0,1
2176758,-74.0738850298,40.6378446061,1,0,1,3,5
2177691,-73.9968273545,40.6025236162,1,0,1,2,0
2177789,-73.9457640553,40.7203332605,1,0,0,4,2
2177871,-74.1425892039,40.5587543631,1,0,1,3,5
2178333,-73.813109934,40.7012774033,0,2,3,1,3
2178374,-73.9815127616,40.6760275434,1,0,1,2,2
2178389,-73.913390175,40.6867861371,1,0,0,2,2
2178513,-73.8063935569,40.6743070996,0,2,3,1,3
2178950,-73.9050336626,40.7464314537,0,2,0,4,4
2179009,-73.9428454478,40.8340270812,0,1,2,0,4
2179745,-73.9145562008,40.7054130112,1,2,0,4,2
2179983,-74.0290821254,40.6166282262,1,0,1,3,5
2180206,-74.0076058354,40.6036570093,1,0,1,3,0
2180546,-73.9603080225,40.8140254297,0,1,0,4,4
2180944,-73.8806180274,40.8416262246,0,1,2,0,1
2181234,-73.9227970036,40.8647698278,0,1,2,0,1
2181642,-73.9965709914,40.7559783576,1,0,0,4,4
2182181,-73.9381997466,40.8245883569,0,1,2,0,4
2182775,-73.8741525883,40.8988106035,0,1,2,0,1
2183007,-73.8423249192,40.85592134,0,1,2,0,1
2183477,-73.956790215,40.8126463149,0,1,0,4,4
2184045,-73.9507991973,40.6777092901,1,0,1,2,2
2184158,-73.9646646341,40.6375307947,1,0,1,2,0
2184519,-73.9205481854,40.8375737674,0,1,2,0,1
2184834,-73.8974852549,40.6985151966,1,2,3,1,2
2185622,-73.9016485989,40.856338487,0,1,2,0,1
2186314,-73.8844082029,40.8734302125,0,1,2,0,1
2187141,-73.9094922845,40.8435820259,0,1,2,0,1
2187656,-73.9579985984,40.6838741594,1,0,1,2,2
2187923,-73.9274618797,40.6782157064,1,0,0,2,2
2188501,-73.9750959367,40.6847382435,1,0,1,2,2
2189525,-73.8277879618,40.768502972,0,2,3,1,3
2189570,-73.9442531834,40.827327924,0,1,2,0,4
2189670,-74.0265943367,40.6195328192,1,0,1,3,5
2189758,-73.9941623812,40.6859869166,1,0,1,2,2
2190321,-74.0190200086,40.6226825978,1,0,1,3,5
2190378,-73.9806839612,40.7369337197,1,0,0,4,2
2190408,-73.8985877319,40.8533248971,0,1,2,0,1
2190666,-73.9691280562,40.5847194905,1,0,1,2,0
2190783,-73.8561396886,40.7395902401,0,2,3,1,3
2190868,-73.9446383877,40.594520218,1,0,1,2,0
2190999,-73.9860552256,40.7279069978,1,0,0,4,2
2191226,-73.9123817903,40.8505009184,0,1,2,0,1
2191584,-73.9869398768,40.7243334281,1,0,0,4,2
2192022,-74.1439303321,40.6116368457,1,0,1,3,5
2192292,-73.8826349619,40.8414855695,0,1,2,0,1
2192706,-73.9213143205,40.764251643,0,1,0,4,4
2193068,-74.1035035609,40.5874437795,1,0,1,3,5
2193198,-74.1008240229,40.586875243,1,0,1,3,5
2193440,-73.8051524512,40.7276963224,0,2,3,1,3
2193667,-73.8914397615,40.8697920856,0,1,2,0,1
2193903,-73.7917798387,40.7120140216,0,2,3,1,3
2193911,-73.8678625116,40.8968356373,0,1,2,0,1
2194017,-73.9712945784,40.6284940534,1,0,1,2,0
2194137,-73.9508014106,40.8066576737,0,1,0,4,4
2194207,-73.8220230391,40.762905906,0,2,3,1,3
2194277,-73.9094115136,40.780807405,0,1,0,4,4
2194649,-73.9868069355,40.6669018919,1,0,1,2,2
2194776,-73.9160808233,40.8236988166,0,1,2,0,1
2195055,-73.9065584574,40.8737933604,0,1,2,0,1
2195322,-73.7490914614,40.7546511663,0,2,3,1,3
2195600,-73.8905294755,40.7682393193,0,1,0,4,4
2196323,-73.8996388853,40.8849611894,0,1,2,0,1
2196620,-73.996677414,40.7209415998,1,0,0,4,2
2197063,-74.0216618759,40.6269969411,1,0,1,3,5
2197477,-73.9542452356,40.5787088998,1,0,1,2,0
2198321,-73.9810082329,40.7766282758,0,1,0,4,4
2198424,-73.9465613618,40.594307034,1,0,1,2,0
2198621,-73.8432290606,40.6947129582,0,2,3,1,3
2198806,-73.9238994494,40.8365522499,0,1,2,0,1
2199394,-73.815523103,40.8301608868,0,1,2,0,1
2200285,-73.8738651743,40.709067325,0,2,3,1,3
2203032,-73.8003674211,40.7593022406,0,2,3,1,3
2204011,-73.983090962,40.6936300066,1,0,0,2,2
2204182,-73.9901844082,40.7165441244,1,0,0,4,2
2204239,-73.9389414167,40.8511026555,0,1,2,0,1
2204385,-74.1549239061,40.5485386612,1,0,1,3,5
2204392,-73.963574429,40.5951288915,1,0,1,2,0
2204516,-73.9493297041,40.7801950921,0,1,0,4,4
2204530,-73.9189191331,40.7420092924,0,1,0,4,4
2204898,-74.0806577037,40.6309369111,1,0,1,3,5
2204955,-73.9416407225,40.6954993634,1,0,0,2,2
2205020,-73.8322095022,40.8820668069,0,1,2,0,1
2205032,-73.9603211845,40.6465212957,1,0,1,2,0
2205232,-73.8556973578,40.7238896684,0,2,3,1,3
2205362,-73.9562899227,40.5842981139,1,0,1,2,0
2205428,-73.937135616,40.8265447644,0,1,2,0,4
2205440,-73.9506315408,40.8116557423,0,1,0,4,4
2205658,-73.9823634028,40.663058607,1,0,1,2,2
2205673,-73.9547665345,40.6700859316,1,0,1,2,2
2205836,-73.9860885178,40.7239765099,1,0,0,4,2
2205921,-73.9965352392,40.7493909646,1,0,0,4,4
2205979,-73.9546418583,40.821612489,0,1,2,4,4
2206030,-74.000219731,40.62032914,1,0,1,2,0
2206120,-73.9470919491,40.6881268024,1,0,0,2,2
2206136,-73.8629220529,40.8913075691,0,1,2,0,1
2206474,-73.8404435024,40.6998994936,0,2,3,1,3
2206661,-73.9141036839,40.8382690493,0,1,2,0,1
2206833,-73.8384981581,40.7213471359,0,2,3,1,3
2206910,-73.982237921,40.7823539907,0,1,0,4,4
2207083,-73.9088817911,40.7035037914,1,2,0,2,2
2207084,-74.0107588274,40.6377964753,1,0,1,2,0
2207325,-73.8548957721,40.7225382382,0,2,3,1,3
2207847,-73.9467413076,40.6260232246,1,0,1,2,0
2208035,-73.8890655399,40.8668639801,0,1,2,0,1
2208363,-73.9416000842,40.8283503896,0,1,2,0,4
2209929,-73.8830045288,40.8409589605,0,1,2,0,1
2210022,-73.9125165615,40.8359760222,0,1,2,0,1
2210162,-73.8977844917,40.8302988173,0,1,2,0,1
2210502,-73.9571744172,40.7320719069,1,0,0,4,2
2210609,-73.8876157736,40.7534478247,0,2,0,1,3
2210676,-73.8210865365,40.6761314623,1,2,3,1,3
2210722,-73.9564131849,40.7705392569,0,1,0,4,4
2210793,-73.9587765078,40.6736583922,1,0,1,2,2
2210879,-73.8495971065,40.7252871793,0,2,3,1,3
2210933,-73.9863744515,40.7194696506,1,0,0,4,2
2210937,-73.9686837582,40.5801767227,1,0,1,2,0
2211093,-73.9163653008,40.6893492099,1,0,0,2,2
2211244,-73.9427989136,40.825103992,0,1,2,0,4
2211478,-73.811290353,40.6726409187,1,2,3,1,3
2211578,-73.9793074786,40.672571496,1,0,1,2,2
2211638,-73.8856266754,40.8356341044,0,1,2,0,1
2211793,-73.7565959922,40.743638828,0,2,3,1,3
2212946,-73.9292125918,40.6659970509,1,0,1,2,2
2213100,-73.9575450264,40.6317560976,1,0,1,2,0
2213236,-73.9354583076,40.6708397678,1,0,1,2,2
2213488,-73.8495738149,40.6796635914,1,2,3,1,3
2214112,-73.9075939872,40.6646422643,1,0,1,2,2
2214979,-73.7732941838,40.7605641356,0,2,3,1,3
2215048,-73.9094027661,40.7023129739,1,2,0,2,2
2215171,-73.9594019794,40.7713774943,0,1,0,4,4
2215614,-73.9384843121,40.7981787883,0,1,0,4,4
2215842,-73.8290208305,40.7087404646,0,2,3,1,3
2216060,-73.9067747536,40.8433136248,0,1,2,0,1
2217442,-73.8436859639,40.7905384527,0,1,2,1,3
2217463,-73.8925651239,40.6611131459,1,2,3,2,2
2217529,-73.8696984677,40.8551869866,0,1,2,0,1
2217536,-73.9537731332,40.6002581397,1,0,1,2,0
2217952,-73.862048043,40.8314418343,0,1,2,0,1
2218041,-73.90208863,40.8643780901,0,1,2,0,1
2218059,-73.8850583201,40.6814145055,1,2,3,1,3
2218174,-73.9510090629,40.7699195193,0,1,0,4,4
2218684,-73.9626030957,40.5935585544,1,0,1,2,0
2218987,-73.9437096999,40.8119929161,0,1,2,4,4
2219483,-73.8580591087,40.8396958398,0,1,2,0,1
2219736,-73.886009074,40.7010323347,1,2,3,1,3
2219771,-73.9266639159,40.6858621395,1,0,0,2,2
2220427,-73.855573074,40.7296315512,0,2,3,1,3
2220547,-73.9476048564,40.6502930279,1,0,1,2,0
2220589,-73.920548398,40.7556902582,0,1,0,4,4
2220646,-73.9683820207,40.7917023264,0,1,0,4,4
2220755,-73.9697123367,40.7888152264,0,1,0,4,4
2220771,-73.9598877153,40.6602423111,1,0,1,2,2
2221312,-73.9617161874,40.6269404567,1,0,1,2,0
2221380,-73.9532533768,40.8077099234,0,1,0,4,4
2221398,-73.8555522867,40.724240816,0,2,3,1,3
2221498,-73.9581194756,40.6349320283,1,0,1,2,0
2221582,-73.8342148124,40.7580494222,0,2,3,1,3
2221692,-73.8415957372,40.7204017512,0,2,3,1,3
2221736,-73.9423534656,40.8471355673,0,1,2,0,1
2221878,-73.9441053695,40.7021868399,1,0,0,2,2
2221986,-73.8550202026,40.7250416175,0,2,3,1,3
2222150,-73.856830423,40.8849983685,0,1,2,0,1
2222287,-73.904244405,40.8310317114,0,1,2,0,1
2222331,-73.7561578076,40.6010792228,1,2,3,1,3
2222337,-73.8271480811,40.7006845126,0,2,3,1,3
2222574,-73.9349902136,40.7590479032,0,1,0,4,4
2222631,-73.9367783561,40.8298656743,0,1,2,0,4
2222678,-73.9591108775,40.6457221395,1,0,1,2,0
2222975,-73.7684556068,40.7121972869,0,2,3,1,3
2223040,-73.9633654957,40.759365088,0,1,0,4,4
2223080,-73.800876575,40.7942546904,0,2,3,1,3
2223101,-73.958191514,40.6407153206,1,0,1,2,0
2223211,-73.8177003255,40.7292374701,0,2,3,1,3
2223554,-73.9237436169,40.6666742607,1,0,1,2,2
2223593,-74.0062345596,40.6122208529,1,0,1,2,0
2223696,-73.8213060687,40.7543137288,0,2,3,1,3
2223718,-74.0384093421,40.619710635,1,0,1,3,5
2223867,-73.9522269042,40.6525045909,1,0,1,2,2
2224090,-73.8884208672,40.8395151199,0,1,2,0,1
2224286,-73.8562221026,40.7231382602,0,2,3,1,3
2225086,-73.9753322828,40.6111561397,1,0,1,2,0
2225829,-73.9657805631,40.5762919981,1,0,1,2,0
2226316,-73.9505498405,40.6639249147,1,0,1,2,2
2226404,-73.9726635736,40.7252147356,1,0,0,4,2
2226649,-73.9907477462,40.7642534392,0,1,0,4,4
2227066,-73.9084427648,40.7763162487,0,1,0,4,4
2227235,-73.9664412291,40.5796600667,1,0,1,2,0
2227272,-73.8921241758,40.8579987537,0,1,2,0,1
2227291,-73.9169818409,40.6922975401,1,0,0,2,2
2227308,-73.961614544,40.6533397761,1,0,1,2,2
2227366,-73.9063196773,40.9046846111,0,1,2,0,1
2227511,-73.8185537386,40.7126329919,0,2,3,1,3
2227512,-73.9392893603,40.8104728416,0,1,2,4,4
2227520,-73.792897927,40.7770640427,0,2,3,1,3
2227669,-73.9103091878,40.8408379547,0,1,2,0,1
2227831,-73.9501025559,40.7703692677,0,1,0,4,4
2227953,-73.9777122182,40.7752388484,0,1,0,4,4
2228412,-73.9103403056,40.7614357522,0,1,0,4,4
2228413,-73.9291209789,40.8607583914,0,1,2,0,1
2228434,-73.8852034444,40.8714795278,0,1,2,0,1
2228492,-73.9559375453,40.6654779045,1,0,1,2,2
2228543,-74.1644593774,40.5280792576,1,0,1,3,5
2228569,-74.0372186519,40.6161373066,1,0,1,3,5
2228796,-73.9786207134,40.7232370255,1,0,0,4,2
2229154,-73.9697810447,40.6453933193,1,0,1,2,0
2229180,-73.8097701161,40.7594773464,0,2,3,1,3
2229196,-73.8708794436,40.6825742322,1,2,3,1,3
2229252,-73.8483290018,40.7260595385,0,2,3,1,3
2229319,-73.9583042409,40.6679051703,1,0,1,2,2
2229394,-74.0380423676,40.6204847884,1,0,1,3,5
2229472,-73.919863898,40.7606111129,0,1,0,4,4
2229592,-73.94783916,40.6686557152,1,0,1,2,2
2229760,-73.9392459609,40.8105277132,0,1,2,4,4
2229789,-74.0877260197,40.595136862,1,0,1,3,5
2229870,-73.863905227,40.8527375101,0,1,2,0,1
2229883,-73.8984178621,40.6497578063,1,0,3,2,0
2230124,-74.0006170722,40.7398584991,1,0,0,4,2
2230223,-73.9880674518,40.7738844856,0,1,0,4,4
2230226,-74.0009152947,40.6458035141,1,0,1,2,0
2230433,-74.0009765552,40.6458419405,1,0,1,2,0
2230478,-73.9612638789,40.7172763667,1,0,0,4,2
2231307,-73.9406261366,40.7090415206,1,0,0,4,2
2231321,-73.9984273063,40.7118949066,1,0,0,4,2
2231433,-73.9286361886,40.66568379,1,0,1,2,2
2231483,-73.884425766,40.8799680899,0,1,2,0,1
2231761,-73.9945524732,40.7659718902,0,1,0,4,4
2231868,-73.8413333282,40.6502998177,1,2,3,1,3
2231913,-73.9080355402,40.8855610377,0,1,2,0,1
2231914,-73.9518428556,40.6752970746,1,0,1,2,2
2232070,-73.9058424078,40.8636538691,0,1,2,0,1
2232095,-73.8638921098,40.8397165941,0,1,2,0,1
2232113,-73.8818221543,40.8738283187,0,1,2,0,1
2232124,-73.9412097804,40.8365925644,0,1,2,0,4
2232142,-73.8958610009,40.8217665151,0,1,2,0,1
2232182,-73.9267271968,40.7562460481,0,1,0,4,4
2232470,-73.9976594415,40.596452144,1,0,1,2,0
2232585,-73.9799211818,40.7415667305,1,0,0,4,4
2232719,-73.9532713597,40.766659707,0,1,0,4,4
2233311,-73.9395991312,40.5885477392,1,0,1,2,0
2233456,-73.9373974964,40.7056555155,1,0,0,4,2
2233520,-73.9676520364,40.5920010405,1,0,1,2,0
2233574,-73.9316413967,40.7616507272,0,1,0,4,4
2233688,-73.9236480522,40.6588378507,1,0,1,2,2
2233818,-73.9623580547,40.6577755886,1,0,1,2,2
2233875,-73.954092457,40.6700472377,1,0,1,2,2
2233976,-73.9646767301,40.601066234,1,0,1,2,0
2234370,-73.9478701728,40.6750977194,1,0,1,2,2
2234376,-73.9178730423,40.8470438842,0,1,2,0,1
2234401,-73.8866214453,40.8711131404,0,1,2,0,1
2234577,-73.9751099283,40.6955526398,1,0,0,2,2
2234686,-73.9966631287,40.6459901146,1,0,1,2,0
2234747,-73.9625013976,40.6528295391,1,0,1,2,2
2234876,-73.8823773228,40.854336028,0,1,2,0,1
2235565,-73.9524129998,40.7755962278,0,1,0,4,4
2235689,-73.9910189804,40.7606249108,0,1,0,4,4
2236268,-73.9278221746,40.761708782,0,1,0,4,4
2236627,-73.8575266365,40.7305699477,0,2,3,1,3
2236684,-73.8228930846,40.7601652429,0,2,3,1,3
2236740,-74.1080187477,40.5676056605,1,0,1,3,5
2236920,-73.9178827288,40.8304136893,0,1,2,0,1
2236921,-73.8629050893,40.855689629,0,1,2,0,1
2236961,-74.0266771467,40.6194367323,1,0,1,3,5
2237093,-73.9228086042,40.8516611425,0,1,2,0,1
2237789,-73.7532502782,40.7252143382,0,2,3,1,3
2237956,-73.8839546758,40.8826025208,0,1,2,0,1
2238085,-73.9207755393,40.6709294057,1,0,1,2,2
2238502,-73.9624468489,40.6408952,1,0,1,2,0
2238586,-73.7987251999,40.7628263874,0,2,3,1,3
2238627,-73.8734014931,40.87914135,0,1,2,0,1
2238686,-74.109313487,40.5779852939,1,0,1,3,5
2238805,-73.7368840591,40.6807154495,0,2,3,1,3
2238815,-73.9156250323,40.7443317309,0,1,0,4,4
2239260,-73.8505085412,40.8770691699,0,1,2,0,1
2239745,-74.1644229212,40.6068471311,1,0,1,3,5
2239955,-73.9957402473,40.5954529823,1,0,1,2,0
2240631,-73.9551833493,40.6077108212,1,0,1,2,0
2240694,-73.7484937433,40.7447083453,0,2,3,1,3
2241213,-73.9323999651,40.8571757801,0,1,2,0,1
2241251,-73.9022878905,40.8591743075,0,1,2,0,1
2241454,-73.8357839718,40.7189306492,0,2,3,1,3
2241630,-73.9384889016,40.5977724226,1,0,1,2,0
2241773,-73.9363429169,40.6769117051,1,0,1,2,2
2242023,-74.0084909182,40.738760287,1,0,0,4,2
2242043,-73.9171418061,40.7666970282,0,1,0,4,4
2242166,-73.9413568193,40.8337738203,0,1,2,0,4
2242180,-73.85197,40.693278038,0,2,3,1,3
2242246,-73.9249118205,40.8681362222,0,1,2,0,1
2242355,-73.8816578172,40.7426824341,0,2,3,1,3
2242552,-73.9414291803,40.8336750474,0,1,2,0,4
2242569,-73.9965444049,40.642268183,1,0,1,2,0
2242665,-74.0042899467,40.7291429024,1,0,0,4,2
2242953,-73.8642300337,40.8848673307,0,1,2,0,1
2243011,-73.9250681595,40.7582706033,0,1,0,4,4
2243069,-73.8624033186,40.6928463319,1,2,3,1,3
2243071,-73.9515399145,40.7250650554,1,0,0,4,2
2243114,-73.9460170446,40.773210976,0,1,0,4,4
2243214,-73.9905637692,40.7633394251,0,1,0,4,4
2243290,-73.9859581304,40.7777570721,0,1,0,4,4
2243497,-73.7099810793,40.7344374665,0,2,3,1,3
2243738,-73.9860550283,40.7116086174,1,0,0,4,2
2243778,-73.9837363338,40.6054265037,1,0,1,2,0
2243974,-73.9441034234,40.8163434909,0,1,2,4,4
2244132,-74.1792961323,40.5596581206,1,0,1,3,5
2244755,-73.9486858014,40.6927030559,1,0,0,2,2
2245022,-73.9501242049,40.6739733607,1,0,1,2,2
2245397,-73.9509258516,40.6525726627,1,0,1,2,2
2245566,-74.0058529104,40.7369653832,1,0,0,4,2
2245800,-73.8779793496,40.7472431188,0,2,3,1,3
2245966,-73.9933431793,40.7653295572,0,1,0,4,4
2245967,-73.8543819228,40.7315074662,0,2,3,1,3
2245970,-74.025609509,40.6345223405,1,0,1,3,5
2246071,-73.8856962048,40.7573023067,0,2,0,1,3
2246282,-73.9885292467,40.7129949953,1,0,0,4,2
2246417,-73.9400618752,40.8271254574,0,1,2,0,4
2246637,-74.0235808213,40.6236259609,1,0,1,3,5
2247026,-73.9228852478,40.6577202158,1,0,1,2,2
2247112,-73.8760597084,40.8770253322,0,1,2,0,1
2247248,-73.8693681005,40.8577474219,0,1,2,0,1
2247333,-74.0803272926,40.6407799535,1,0,1,3,5
2247521,-73.9349145511,40.8438681533,0,1,2,0,1
2247715,-73.9561607962,40.7261620657,1,0,0,4,2
2247912,-74.0035483127,40.6240455327,1,0,1,2,0
2248039,-73.9400488921,40.701169235,1,0,0,2,2
2248254,-73.9467555751,40.6262016426,1,0,1,2,0
2248716,-73.978947972,40.6465920887,1,0,1,2,0
2249490,-73.873479311,40.8762540178,0,1,2,0,1
2249536,-73.8550645448,40.8987415579,0,1,2,0,1
2249815,-73.9517775874,40.6708312969,1,0,1,2,2
2249898,-73.9241065885,40.6296226555,1,0,1,2,0
2250273,-73.9192148054,40.6588759943,1,0,1,2,2
2250385,-73.8815215793,40.7442083766,0,2,3,1,3
2250538,-73.9382488575,40.7015827431,1,0,0,2,2
2250570,-73.8656245442,40.8587476839,0,1,2,0,1
2250671,-73.9081246737,40.7765767457,0,1,0,4,4
2250766,-74.0136423017,40.6074497592,1,0,1,3,0
2250801,-73.9363189558,40.6529223245,1,0,1,2,2
2250873,-74.0036402958,40.725377119,1,0,0,4,2
2251059,-74.0022102298,40.6841562808,1,0,1,2,2
2251062,-73.9083110433,40.8300249612,0,1,2,0,1
2251369,-73.9775405377,40.7811262745,0,1,0,4,4
2251465,-73.9548510913,40.7155832578,1,0,0,4,2
2251599,-73.8776629779,40.8841495181,0,1,2,0,1
2251725,-73.9585451122,40.5935434382,1,0,1,2,0
2251855,-73.751315074,40.6057048256,1,2,3,1,3
2252036,-73.8412023734,40.8567267439,0,1,2,0,1
2252134,-73.8680061919,40.6933304847,1,2,3,1,3
2252316,-73.9477479666,40.8310760955,0,1,2,0,4
2252325,-73.8515270613,40.7270106491,0,2,3,1,3
2252326,-73.9060012819,40.8791423142,0,1,2,0,1
2252709,-73.9745939339,40.6774288034,1,0,1,2,2
2252748,-73.9863690875,40.728057997,1,0,0,4,2
2252795,-73.8338909335,40.6983092349,0,2,3,1,3
2252877,-73.9638321897,40.6444254381,1,0,1,2,0
2253181,-73.8929767306,40.7505325175,0,2,0,4,4
2253844,-73.9764417006,40.7231130862,1,0,0,4,2
2253886,-73.9617319932,40.6119401724,1,0,1,2,0
2253888,-73.8958494724,40.7321754981,0,2,0,1,3
2254124,-73.9833125668,40.7303329971,1,0,0,4,2
2254131,-73.9398527486,40.8186359376,0,1,2,4,4
2254345,-73.8964900763,40.8633164942,0,1,2,0,1
2254433,-73.9440213428,40.8237294888,0,1,2,4,4
2254737,-73.9416760181,40.7953122057,0,1,0,4,4
2254756,-73.9663600953,40.6907113873,1,0,0,2,2
2254836,-73.8841514714,40.6555166025,1,2,3,2,2
2254934,-73.8279888854,40.7046876478,0,2,3,1,3
2255162,-73.9511759824,40.8278553033,0,1,2,4,4
2255171,-74.0025422796,40.5983680088,1,0,1,2,0
2255172,-74.0818019338,40.6238874797,1,0,1,3,5
2255218,-73.8518036845,40.8508452195,0,1,2,0,1
2255489,-73.8562250294,40.8304795604,0,1,2,0,1
2255494,-73.8814758133,40.6603913557,1,2,3,2,3
2255839,-73.9514215901,40.6646663764,1,0,1,2,2
2256034,-73.9136790124,40.8090484675,0,1,2,0,4
2256063,-73.9112885741,40.8815151675,0,1,2,0,1
2256202,-73.9078507324,40.7553678994,0,1,0,4,4
2256222,-73.9522431711,40.6348144567,1,0,1,2,0
2256347,-73.860304765,40.8734776587,0,1,2,0,1
2256786,-73.9404370272,40.848018389,0,1,2,0,1
2256820,-73.9412425729,40.5866793817,1,0,1,2,0
2256954,-73.7884449431,40.7660357943,0,2,3,1,3
2257131,-73.8216853553,40.6679062817,1,2,3,1,3
2258440,-73.9466336027,40.6255620498,1,0,1,2,0
2258607,-73.9924924222,40.7226541322,1,0,0,4,2
2259040,-73.9675299317,40.5913504885,1,0,1,2,0
2259192,-73.878812084,40.7418121328,0,2,3,1,3
2259293,-74.0320030821,40.6236760759,1,0,1,3,5
2259301,-73.8867730869,40.8287734486,0,1,2,0,1
2259524,-73.9225138766,40.6919747702,1,0,0,2,2
2259639,-73.9842105788,40.7320348718,1,0,0,4,2
2259732,-73.9660147614,40.6395458751,1,0,1,2,0
2259883,-73.9431958289,40.7072230388,1,0,0,4,2
2260042,-73.9145266365,40.8325493831,0,1,2,0,1
2260083,-73.8398741671,40.7912907669,0,1,2,1,3
2260162,-73.9124689171,40.6689251873,1,0,1,2,2
2260298,-73.9658429342,40.7570108583,0,1,0,4,4
2260299,-73.9194883436,40.8294130005,0,1,2,0,1
2260489,-73.9631090971,40.6292190876,1,0,1,2,0
2260587,-73.9473308712,40.8284519591,0,1,2,0,4
2260984,-73.9047970643,40.8185546831,0,1,2,0,1
2261002,-73.9569018973,40.6736522157,1,0,1,2,2
2261211,-73.9431958681,40.7875975253,0,1,0,4,4
2261228,-73.9431492693,40.8125662881,0,1,2,4,4
2261275,-73.9620023233,40.8014112499,0,1,0,4,4
2261322,-73.9806141647,40.7287790427,1,0,0,4,2
2261377,-73.973365795,40.6020923854,1,0,1,2,0
2261455,-73.962911206,40.6611765509,1,0,1,2,2
2261506,-73.9874515187,40.6895243898,1,0,1,2,2
2261561,-73.9791250504,40.7486425536,1,0,0,4,4
2261678,-74.0108571507,40.5777513272,1,0,1,3,0
2261938,-73.9422920613,40.8304229973,0,1,2,0,4
2262287,-73.9134906766,40.7455049009,0,1,0,4,4
2262663,-73.9963411145,40.7354064541,1,0,0,4,2
2262764,-73.8593891984,40.7370416306,0,2,3,1,3
2262897,-73.9452830094,40.822909424,0,1,2,4,4
2262910,-73.9833537306,40.724429032,1,0,0,4,2
2263018,-73.9058529757,40.8842802533,0,1,2,0,1
2263553,-73.8808564194,40.8275790253,0,1,2,0,1
2263576,-73.8147563554,40.7343599849,0,2,3,1,3
2263815,-73.9448276632,40.8273803498,0,1,2,0,4
2263929,-73.9061522762,40.6645669881,1,0,3,2,2
2264540,-73.984941362,40.7234960329,1,0,0,4,2
2264653,-74.0310682535,40.6352318951,1,0,1,3,5
2265064,-73.995708981,40.7457953161,1,0,0,4,4
2265065,-74.1024513899,40.561067138,1,0,1,3,5
2265366,-73.9489795558,40.780065935,0,1,0,4,4
2265421,-73.9129145187,40.7555776949,0,1,0,4,4
2265465,-73.9565421232,40.8219123951,0,1,2,4,4
2265545,-73.9290310415,40.6909524296,1,0,0,2,2
2265564,-73.9448698703,40.7807996314,0,1,0,4,4
2265705,-73.8815443488,40.6603612337,1,2,3,2,3
2266006,-73.8049931412,40.7599442011,0,2,3,1,3
2266077,-73.9609655334,40.66001761,1,0,1,2,2
2266243,-73.9568838366,40.6737071044,1,0,1,2,2
2266389,-73.8237640232,40.6902108147,0,2,3,1,3
2266453,-73.9820389225,40.7838306269,0,1,0,4,4
2266470,-73.9686389819,40.5758673694,1,0,1,2,0
2266741,-73.9835813502,40.7670220849,0,1,0,4,4
2266749,-73.9022095778,40.8263832,0,1,2,0,1
2266838,-74.0009564222,40.7496572533,1,0,0,4,4
2267290,-73.9116269399,40.7439417226,0,1,0,4,4
2267487,-73.9026398428,40.6360375241,1,0,1,2,0
2268355,-73.9031128323,40.8562107249,0,1,2,0,1
2268429,-73.8208912534,40.7126009705,0,2,3,1,3
2268680,-73.8943145707,40.8581929101,0,1,2,0,1
2268704,-73.8767368954,40.8725933754,0,1,2,0,1
2268827,-73.9205664715,40.7556683127,0,1,0,4,4
2269039,-73.8051698999,40.5884478444,1,2,3,1,3
2269499,-73.8717002623,40.7225719141,0,2,3,1,3
2269623,-73.954707143,40.7681616538,0,1,0,4,4
2269651,-73.9148897095,40.8425129536,0,1,2,0,1
2269845,-73.981620555,40.7819915889,0,1,0,4,4
2269935,-74.1620494693,40.6335079651,1,0,1,3,5
2269936,-73.8748529918,40.7458289618,0,2,3,1,3
2270335,-73.8748818374,40.7458427169,0,2,3,1,3
2270622,-73.9673446906,40.5872826419,1,0,1,2,0
2270878,-73.9792488762,40.7218839746,1,0,0,4,2
2271091,-73.9363969923,40.6769144798,1,0,1,2,2
2271165,-73.9292783209,40.6583995404,1,0,1,2,2
2271243,-73.9068411499,40.8139671787,0,1,2,0,1
2271431,-73.8969517231,40.843036286,0,1,2,0,1
2271537,-73.9863680886,40.7329409164,1,0,0,4,2
2271919,-73.8541269456,40.724365278,0,2,3,1,3
2272055,-73.9782305901,40.6695163613,1,0,1,2,2
2272084,-73.8933979299,40.8549533173,0,1,2,0,1
2272085,-73.9041075504,40.6702442496,1,2,3,2,2
2272234,-73.9777985578,40.6787112758,1,0,1,2,2
2272292,-73.8835180758,40.8428258833,0,1,2,0,1
2272527,-73.9485389036,40.8222906169,0,1,2,4,4
2272690,-73.9828075075,40.6041829759,1,0,1,2,0
2273122,-73.9830029328,40.7418828729,1,0,0,4,4
2273186,-73.8845901771,40.8727497102,0,1,2,0,1
2273612,-73.9673136807,40.6800619484,1,0,1,2,2
2273973,-73.8625097713,40.6709513816,1,2,3,1,3
2274145,-74.0334006831,40.6162729742,1,0,1,3,5
2274249,-73.969752638,40.7954931663,0,1,0,4,4
2274672,-73.8543310949,40.8405859681,0,1,2,0,1
2274686,-73.9225918235,40.8080913982,0,1,2,4,4
2274814,-73.9622251497,40.6569823033,1,0,1,2,2
2274815,-73.9609453568,40.6760114212,1,0,1,2,2
2274820,-73.8312794845,40.7554843086,0,2,3,1,3
2274904,-73.9066997545,40.7060931027,1,2,0,4,2
2274967,-73.8839477075,40.880379314,0,1,2,0,1
2275026,-73.9345329789,40.6880572132,1,0,0,2,2
2275046,-74.1202848046,40.6313579189,1,0,1,3,5
2275088,-73.9678164986,40.5794793032,1,0,1,2,0
2275148,-73.903307694,40.6649818389,1,0,3,2,2
2275223,-73.9886471692,40.7195330266,1,0,0,4,2
2275308,-73.9497893513,40.7787680305,0,1,0,4,4
2275460,-73.8562309586,40.7457907539,0,2,3,1,3
2276707,-73.8629722421,40.6809703727,1,2,3,1,3
2276991,-73.8520205098,40.6916422183,1,2,3,1,3
2277024,-73.9585311657,40.7319598686,1,0,0,4,2
2277466,-73.8599509237,40.8612166584,0,1,2,0,1
2278075,-73.90469685,40.7068901886,1,2,0,1,2
2278205,-73.8609771837,40.8216583715,0,1,2,0,1
2278341,-73.7526350715,40.7130838779,0,2,3,1,3
2278500,-73.848322588,40.681322539,1,2,3,1,3
2278679,-74.0056175138,40.5985133739,1,0,1,2,0
2278844,-74.0103291048,40.6083503975,1,0,1,3,0
2279272,-73.8977818167,40.6673897227,1,2,3,2,2
2279384,-73.9412049016,40.8216668044,0,1,2,4,4
2279785,-73.9862266969,40.7187285479,1,0,0,4,2
2279883,-73.9583087335,40.5742117129,1,0,1,2,0
2280044,-73.9008584205,40.8698883923,0,1,2,0,1
2280093,-73.8598609819,40.8541461918,0,1,2,0,1
2280415,-73.8335136672,40.7584024837,0,2,3,1,3
2280505,-73.9079396704,40.8607736268,0,1,2,0,1
2280512,-73.8472925367,40.7249245821,0,2,3,1,3
2280575,-73.9468925291,40.5808521723,1,0,1,2,0
2280679,-73.9054767275,40.757196722,0,1,0,4,4
2280812,-73.8096554623,40.7907562593,0,2,3,1,3
2280930,-73.9776852341,40.7480192258,1,0,0,4,4
2281140,-73.9874315924,40.7761076554,0,1,0,4,4
2281154,-73.916843288,40.8814534308,0,1,2,0,1
2281279,-73.9529842367,40.8000739872,0,1,0,4,4
2281479,-73.8332571766,40.7065755671,0,2,3,1,3
2281570,-73.8851866203,40.7492953679,0,2,0,1,3
2281788,-73.8383085633,40.7177100576,0,2,3,1,3
