,X,Y,Z3,Z15,Z30
0,-74.2512771007,40.4994231013,1,0,1
1,-74.2412771007,40.4994231013,0,0,0
2,-74.2312771007,40.4994231013,1,2,0
3,-74.2212771007,40.4994231013,1,1,1
4,-74.2112771007,40.4994231013,1,1,1
5,-74.2012771007,40.4994231013,0,1,1
6,-74.1912771007,40.4994231013,1,1,1
7,-74.1812771007,40.4994231013,1,1,1
8,-74.1712771007,40.4994231013,1,1,1
9,-74.1612771007,40.4994231013,1,1,1
10,-74.1512771007,40.4994231013,1,1,1
11,-74.1412771007,40.4994231013,1,1,1
12,-74.1312771007,40.4994231013,1,1,1
13,-74.1212771007,40.4994231013,2,1,1
14,-74.1112771007,40.4994231013,2,1,1
15,-74.1012771007,40.4994231013,1,1,2
16,-74.0912771007,40.4994231013,1,2,2
17,-74.0812771007,40.4994231013,1,2,2
18,-74.0712771007,40.4994231013,2,2,2
19,-74.0612771007,40.4994231013,2,2,2
20,-74.0512771007,40.4994231013,2,2,2
21,-74.0412771007,40.4994231013,2,0,2
22,-74.0312771007,40.4994231013,0,0,0
23,-74.0212771007,40.4994231013,0,0,0
24,-74.0112771007,40.4994231013,1,1,0
25,-74.0012771007,40.4994231013,1,1,0
26,-73.9912771007,40.4994231013,1,1,0
27,-73.9812771007,40.4994231013,0,0,1
28,-73.9712771007,40.4994231013,1,0,0
29,-73.9612771007,40.4994231013,2,0,0
30,-73.9512771007,40.4994231013,0,1,1
31,-73.9412771007,40.4994231013,0,1,1
32,-73.9312771007,40.4994231013,0,1,1
33,-73.9212771007,40.4994231013,1,1,1
34,-73.9112771007,40.4994231013,1,1,1
35,-73.9012771007,40.4994231013,1,1,1
36,-73.8912771007,40.4994231013,1,1,1
37,-73.8812771007,40.4994231013,1,1,1
38,-73.8712771007,40.4994231013,1,1,1
39,-73.8612771007,40.4994231013,1,1,1
40,-73.8512771007,40.4994231013,1,1,1
41,-73.8412771007,40.4994231013,1,1,1
42,-73.8312771007,40.4994231013,1,1,1
43,-73.8212771007,40.4994231013,1,1,1
44,-73.8112771007,40.4994231013,0,0,0
45,-73.8012771007,40.4994231013,0,0,1
46,-73.7912771007,40.4994231013,0,1,1
47,-73.7812771007,40.4994231013,1,1,1
48,-73.7712771007,40.4994231013,1,1,1
49,-73.7612771007,40.4994231013,1,1,1
50,-73.7512771007,40.4994231013,0,1,1
51,-73.7412771007,40.4994231013,0,1,1
52,-73.7312771007,40.4994231013,0,0,1
53,-73.7212771007,40.4994231013,0,1,1
54,-73.7112771007,40.4994231013,0,1,1
55,-73.7012771007,40.4994231013,0,1,1
56,-74.2512771007,40.5094231013,1,1,1
57,-74.2412771007,40.5094231013,1,1,1
58,-74.2312771007,40.5094231013,1,1,1
59,-74.2212771007,40.5094231013,1,1,1
60,-74.2112771007,40.5094231013,1,1,1
61,-74.2012771007,40.5094231013,2,1,1
62,-74.1912771007,40.5094231013,1,1,1
63,-74.1812771007,40.5094231013,1,1,1
64,-74.1712771007,40.5094231013,1,1,1
65,-74.1612771007,40.5094231013,1,1,1
66,-74.1512771007,40.5094231013,0,1,1
67,-74.1412771007,40.5094231013,1,1,1
68,-74.1312771007,40.5094231013,2,1,1
69,-74.1212771007,40.5094231013,2,1,1
70,-74.1112771007,40.5094231013,1,1,1
71,-74.1012771007,40.5094231013,1,2,2
72,-74.0912771007,40.5094231013,1,2,2
73,-74.0812771007,40.5094231013,2,2,2
74,-74.0712771007,40.5094231013,2,2,2
75,-74.0612771007,40.5094231013,2,2,2
76,-74.0512771007,40.5094231013,1,2,2
77,-74.0412771007,40.5094231013,2,2,2
78,-74.0312771007,40.5094231013,2,0,0
79,-74.0212771007,40.5094231013,0,0,0
80,-74.0112771007,40.5094231013,1,1,0
81,-74.0012771007,40.5094231013,1,1,0
82,-73.9912771007,40.5094231013,1,1,0
83,-73.9812771007,40.5094231013,0,0,1
84,-73.9712771007,40.5094231013,1,0,0
85,-73.9612771007,40.5094231013,2,0,0
86,-73.9512771007,40.5094231013,0,1,1
87,-73.9412771007,40.5094231013,0,1,1
88,-73.9312771007,40.5094231013,0,1,1
89,-73.9212771007,40.5094231013,1,1,1
90,-73.9112771007,40.5094231013,1,1,1
91,-73.9012771007,40.5094231013,1,1,1
92,-73.8912771007,40.5094231013,1,1,1
93,-73.8812771007,40.5094231013,1,1,1
94,-73.8712771007,40.5094231013,1,1,1
95,-73.8612771007,40.5094231013,1,1,1
96,-73.8512771007,40.5094231013,1,1,1
97,-73.8412771007,40.5094231013,1,1,1
98,-73.8312771007,40.5094231013,1,1,1
99,-73.8212771007,40.5094231013,0,1,1
100,-73.8112771007,40.5094231013,1,0,0
101,-73.8012771007,40.5094231013,0,0,1
102,-73.7912771007,40.5094231013,1,1,1
103,-73.7812771007,40.5094231013,1,1,1
104,-73.7712771007,40.5094231013,0,1,1
105,-73.7612771007,40.5094231013,1,1,1
106,-73.7512771007,40.5094231013,0,1,1
107,-73.7412771007,40.5094231013,0,1,1
108,-73.7312771007,40.5094231013,0,1,1
109,-73.7212771007,40.5094231013,0,1,1
110,-73.7112771007,40.5094231013,0,1,1
111,-73.7012771007,40.5094231013,0,1,1
112,-74.2512771007,40.5194231013,1,1,1
113,-74.2412771007,40.5194231013,1,1,1
114,-74.2312771007,40.5194231013,1,1,1
115,-74.2212771007,40.5194231013,0,1,1
116,-74.2112771007,40.5194231013,1,1,1
117,-74.2012771007,40.5194231013,1,1,1
118,-74.1912771007,40.5194231013,1,1,1
119,-74.1812771007,40.5194231013,1,1,1
120,-74.1712771007,40.5194231013,1,1,1
121,-74.1612771007,40.5194231013,1,1,1
122,-74.1512771007,40.5194231013,1,1,1
123,-74.1412771007,40.5194231013,1,1,1
124,-74.1312771007,40.5194231013,2,1,1
125,-74.1212771007,40.5194231013,1,1,1
126,-74.1112771007,40.5194231013,1,0,1
127,-74.1012771007,40.5194231013,1,2,2
128,-74.0912771007,40.5194231013,1,2,2
129,-74.0812771007,40.5194231013,2,2,2
130,-74.0712771007,40.5194231013,2,2,2
131,-74.0612771007,40.5194231013,2,2,2
132,-74.0512771007,40.5194231013,1,1,2
133,-74.0412771007,40.5194231013,2,2,2
134,-74.0312771007,40.5194231013,2,0,2
135,-74.0212771007,40.5194231013,0,0,0
136,-74.0112771007,40.5194231013,1,0,0
137,-74.0012771007,40.5194231013,1,1,0
138,-73.9912771007,40.5194231013,1,1,0
139,-73.9812771007,40.5194231013,1,0,1
140,-73.9712771007,40.5194231013,1,0,0
141,-73.9612771007,40.5194231013,2,0,0
142,-73.9512771007,40.5194231013,0,1,1
143,-73.9412771007,40.5194231013,0,1,1
144,-73.9312771007,40.5194231013,0,1,1
145,-73.9212771007,40.5194231013,1,1,1
146,-73.9112771007,40.5194231013,1,1,1
147,-73.9012771007,40.5194231013,1,1,1
148,-73.8912771007,40.5194231013,1,1,1
149,-73.8812771007,40.5194231013,1,1,1
150,-73.8712771007,40.5194231013,1,1,1
151,-73.8612771007,40.5194231013,1,1,1
152,-73.8512771007,40.5194231013,1,1,1
153,-73.8412771007,40.5194231013,1,1,1
154,-73.8312771007,40.5194231013,1,1,1
155,-73.8212771007,40.5194231013,0,0,1
156,-73.8112771007,40.5194231013,1,0,1
157,-73.8012771007,40.5194231013,1,0,1
158,-73.7912771007,40.5194231013,1,1,1
159,-73.7812771007,40.5194231013,1,1,1
160,-73.7712771007,40.5194231013,0,1,1
161,-73.7612771007,40.5194231013,1,1,1
162,-73.7512771007,40.5194231013,0,1,1
163,-73.7412771007,40.5194231013,0,1,1
164,-73.7312771007,40.5194231013,0,1,1
165,-73.7212771007,40.5194231013,0,1,1
166,-73.7112771007,40.5194231013,0,1,1
167,-73.7012771007,40.5194231013,0,1,1
168,-74.2512771007,40.5294231013,1,1,1
169,-74.2412771007,40.5294231013,1,1,1
170,-74.2312771007,40.5294231013,1,1,1
171,-74.2212771007,40.5294231013,1,1,1
172,-74.2112771007,40.5294231013,1,1,1
173,-74.2012771007,40.5294231013,1,1,1
174,-74.1912771007,40.5294231013,0,1,1
175,-74.1812771007,40.5294231013,1,1,1
176,-74.1712771007,40.5294231013,1,1,1
177,-74.1612771007,40.5294231013,1,1,1
178,-74.1512771007,40.5294231013,1,1,1
179,-74.1412771007,40.5294231013,2,1,1
180,-74.1312771007,40.5294231013,1,1,1
181,-74.1212771007,40.5294231013,1,1,1
182,-74.1112771007,40.5294231013,0,0,1
183,-74.1012771007,40.5294231013,1,2,2
184,-74.0912771007,40.5294231013,2,2,2
185,-74.0812771007,40.5294231013,2,2,2
186,-74.0712771007,40.5294231013,2,2,2
187,-74.0612771007,40.5294231013,1,1,2
188,-74.0512771007,40.5294231013,1,1,2
189,-74.0412771007,40.5294231013,2,2,2
190,-74.0312771007,40.5294231013,2,2,2
191,-74.0212771007,40.5294231013,0,0,0
192,-74.0112771007,40.5294231013,1,0,0
193,-74.0012771007,40.5294231013,1,1,0
194,-73.9912771007,40.5294231013,1,1,0
195,-73.9812771007,40.5294231013,1,0,0
196,-73.9712771007,40.5294231013,1,0,0
197,-73.9612771007,40.5294231013,0,0,0
198,-73.9512771007,40.5294231013,0,1,1
199,-73.9412771007,40.5294231013,0,1,1
200,-73.9312771007,40.5294231013,0,1,1
201,-73.9212771007,40.5294231013,1,1,1
202,-73.9112771007,40.5294231013,1,1,1
203,-73.9012771007,40.5294231013,1,1,1
204,-73.8912771007,40.5294231013,1,1,1
205,-73.8812771007,40.5294231013,1,1,1
206,-73.8712771007,40.5294231013,1,1,1
207,-73.8612771007,40.5294231013,1,1,1
208,-73.8512771007,40.5294231013,1,1,1
209,-73.8412771007,40.5294231013,1,1,1
210,-73.8312771007,40.5294231013,1,1,1
211,-73.8212771007,40.5294231013,0,0,0
212,-73.8112771007,40.5294231013,1,0,1
213,-73.8012771007,40.5294231013,1,1,1
214,-73.7912771007,40.5294231013,1,1,1
215,-73.7812771007,40.5294231013,1,1,1
216,-73.7712771007,40.5294231013,0,1,1
217,-73.7612771007,40.5294231013,1,1,1
218,-73.7512771007,40.5294231013,0,1,1
219,-73.7412771007,40.5294231013,0,1,1
220,-73.7312771007,40.5294231013,0,1,1
221,-73.7212771007,40.5294231013,0,1,1
222,-73.7112771007,40.5294231013,0,1,1
223,-73.7012771007,40.5294231013,0,1,1
224,-74.2512771007,40.5394231013,1,1,1
225,-74.2412771007,40.5394231013,1,0,1
226,-74.2312771007,40.5394231013,1,1,1
227,-74.2212771007,40.5394231013,1,1,1
228,-74.2112771007,40.5394231013,0,1,1
229,-74.2012771007,40.5394231013,1,1,1
230,-74.1912771007,40.5394231013,1,1,1
231,-74.1812771007,40.5394231013,2,1,1
232,-74.1712771007,40.5394231013,0,1,1
233,-74.1612771007,40.5394231013,1,1,1
234,-74.1512771007,40.5394231013,0,1,1
235,-74.1412771007,40.5394231013,1,1,1
236,-74.1312771007,40.5394231013,1,1,1
237,-74.1212771007,40.5394231013,0,0,1
238,-74.1112771007,40.5394231013,0,0,1
239,-74.1012771007,40.5394231013,1,2,2
240,-74.0912771007,40.5394231013,2,2,2
241,-74.0812771007,40.5394231013,2,2,2
242,-74.0712771007,40.5394231013,1,1,2
243,-74.0612771007,40.5394231013,1,1,1
244,-74.0512771007,40.5394231013,2,1,1
245,-74.0412771007,40.5394231013,2,2,2
246,-74.0312771007,40.5394231013,2,2,2
247,-74.0212771007,40.5394231013,2,0,2
248,-74.0112771007,40.5394231013,0,0,0
249,-74.0012771007,40.5394231013,1,1,0
250,-73.9912771007,40.5394231013,0,0,0
251,-73.9812771007,40.5394231013,1,0,0
252,-73.9712771007,40.5394231013,1,0,0
253,-73.9612771007,40.5394231013,2,0,0
254,-73.9512771007,40.5394231013,0,1,1
255,-73.9412771007,40.5394231013,0,1,1
256,-73.9312771007,40.5394231013,0,1,1
257,-73.9212771007,40.5394231013,0,1,1
258,-73.9112771007,40.5394231013,1,1,0
259,-73.9012771007,40.5394231013,1,0,0
260,-73.8912771007,40.5394231013,1,1,1
261,-73.8812771007,40.5394231013,1,1,1
262,-73.8712771007,40.5394231013,1,1,1
263,-73.8612771007,40.5394231013,1,1,1
264,-73.8512771007,40.5394231013,1,1,1
265,-73.8412771007,40.5394231013,1,1,1
266,-73.8312771007,40.5394231013,0,1,1
267,-73.8212771007,40.5394231013,1,0,0
268,-73.8112771007,40.5394231013,0,0,1
269,-73.8012771007,40.5394231013,0,1,1
270,-73.7912771007,40.5394231013,1,1,1
271,-73.7812771007,40.5394231013,1,1,1
272,-73.7712771007,40.5394231013,1,1,1
273,-73.7612771007,40.5394231013,1,1,1
274,-73.7512771007,40.5394231013,0,1,1
275,-73.7412771007,40.5394231013,0,1,0
276,-73.7312771007,40.5394231013,0,1,1
277,-73.7212771007,40.5394231013,0,1,1
278,-73.7112771007,40.5394231013,0,1,1
279,-73.7012771007,40.5394231013,0,1,1
280,-74.2512771007,40.5494231013,1,1,1
281,-74.2412771007,40.5494231013,1,0,1
282,-74.2312771007,40.5494231013,0,1,1
283,-74.2212771007,40.5494231013,0,1,1
284,-74.2112771007,40.5494231013,0,0,1
285,-74.2012771007,40.5494231013,1,1,1
286,-74.1912771007,40.5494231013,1,1,1
287,-74.1812771007,40.5494231013,1,1,1
288,-74.1712771007,40.5494231013,1,1,1
289,-74.1612771007,40.5494231013,0,1,1
290,-74.1512771007,40.5494231013,0,1,1
291,-74.1412771007,40.5494231013,1,0,1
292,-74.1312771007,40.5494231013,0,1,1
293,-74.1212771007,40.5494231013,0,0,0
294,-74.1112771007,40.5494231013,1,1,1
295,-74.1012771007,40.5494231013,1,2,2
296,-74.0912771007,40.5494231013,2,2,2
297,-74.0812771007,40.5494231013,1,2,2
298,-74.0712771007,40.5494231013,1,1,1
299,-74.0612771007,40.5494231013,2,1,1
300,-74.0512771007,40.5494231013,2,1,1
301,-74.0412771007,40.5494231013,2,2,2
302,-74.0312771007,40.5494231013,2,2,2
303,-74.0212771007,40.5494231013,2,2,2
304,-74.0112771007,40.5494231013,0,0,0
305,-74.0012771007,40.5494231013,1,1,0
306,-73.9912771007,40.5494231013,0,0,0
307,-73.9812771007,40.5494231013,1,1,1
308,-73.9712771007,40.5494231013,1,0,0
309,-73.9612771007,40.5494231013,2,0,0
310,-73.9512771007,40.5494231013,0,1,1
311,-73.9412771007,40.5494231013,0,1,1
312,-73.9312771007,40.5494231013,0,1,1
313,-73.9212771007,40.5494231013,0,1,0
314,-73.9112771007,40.5494231013,1,0,0
315,-73.9012771007,40.5494231013,1,0,0
316,-73.8912771007,40.5494231013,1,1,1
317,-73.8812771007,40.5494231013,1,1,1
318,-73.8712771007,40.5494231013,1,1,1
319,-73.8612771007,40.5494231013,1,1,1
320,-73.8512771007,40.5494231013,1,1,1
321,-73.8412771007,40.5494231013,1,1,1
322,-73.8312771007,40.5494231013,0,0,1
323,-73.8212771007,40.5494231013,1,0,1
324,-73.8112771007,40.5494231013,1,1,1
325,-73.8012771007,40.5494231013,0,1,1
326,-73.7912771007,40.5494231013,1,1,1
327,-73.7812771007,40.5494231013,1,1,1
328,-73.7712771007,40.5494231013,1,1,1
329,-73.7612771007,40.5494231013,1,1,1
330,-73.7512771007,40.5494231013,0,1,1
331,-73.7412771007,40.5494231013,0,1,0
332,-73.7312771007,40.5494231013,0,1,1
333,-73.7212771007,40.5494231013,0,1,1
334,-73.7112771007,40.5494231013,0,1,1
335,-73.7012771007,40.5494231013,0,1,1
336,-74.2512771007,40.5594231013,1,1,1
337,-74.2412771007,40.5594231013,0,1,1
338,-74.2312771007,40.5594231013,0,1,1
339,-74.2212771007,40.5594231013,1,0,1
340,-74.2112771007,40.5594231013,2,0,1
341,-74.2012771007,40.5594231013,2,1,1
342,-74.1912771007,40.5594231013,2,1,1
343,-74.1812771007,40.5594231013,1,1,1
344,-74.1712771007,40.5594231013,2,1,1
345,-74.1612771007,40.5594231013,0,0,1
346,-74.1512771007,40.5594231013,1,1,1
347,-74.1412771007,40.5594231013,2,1,1
348,-74.1312771007,40.5594231013,1,0,0
349,-74.1212771007,40.5594231013,0,0,0
350,-74.1112771007,40.5594231013,1,0,1
351,-74.1012771007,40.5594231013,2,2,2
352,-74.0912771007,40.5594231013,0,2,2
353,-74.0812771007,40.5594231013,1,1,1
354,-74.0712771007,40.5594231013,2,1,1
355,-74.0612771007,40.5594231013,2,1,1
356,-74.0512771007,40.5594231013,0,1,1
357,-74.0412771007,40.5594231013,2,2,2
358,-74.0312771007,40.5594231013,2,2,2
359,-74.0212771007,40.5594231013,2,2,2
360,-74.0112771007,40.5594231013,0,0,0
361,-74.0012771007,40.5594231013,1,1,0
362,-73.9912771007,40.5594231013,0,0,0
363,-73.9812771007,40.5594231013,1,1,1
364,-73.9712771007,40.5594231013,0,0,0
365,-73.9612771007,40.5594231013,0,0,0
366,-73.9512771007,40.5594231013,0,1,1
367,-73.9412771007,40.5594231013,1,1,1
368,-73.9312771007,40.5594231013,0,1,1
369,-73.9212771007,40.5594231013,0,1,0
370,-73.9112771007,40.5594231013,1,0,0
371,-73.9012771007,40.5594231013,1,0,0
372,-73.8912771007,40.5594231013,1,1,1
373,-73.8812771007,40.5594231013,1,1,1
374,-73.8712771007,40.5594231013,1,1,1
375,-73.8612771007,40.5594231013,1,1,1
376,-73.8512771007,40.5594231013,1,1,1
377,-73.8412771007,40.5594231013,1,1,1
378,-73.8312771007,40.5594231013,0,0,1
379,-73.8212771007,40.5594231013,1,0,1
380,-73.8112771007,40.5594231013,1,1,1
381,-73.8012771007,40.5594231013,0,1,1
382,-73.7912771007,40.5594231013,1,1,1
383,-73.7812771007,40.5594231013,0,1,1
384,-73.7712771007,40.5594231013,1,1,1
385,-73.7612771007,40.5594231013,1,1,1
386,-73.7512771007,40.5594231013,0,1,1
387,-73.7412771007,40.5594231013,0,1,1
388,-73.7312771007,40.5594231013,0,1,1
389,-73.7212771007,40.5594231013,0,1,1
390,-73.7112771007,40.5594231013,0,1,1
391,-73.7012771007,40.5594231013,0,1,1
392,-74.2512771007,40.5694231013,1,1,1
393,-74.2412771007,40.5694231013,0,1,1
394,-74.2312771007,40.5694231013,1,0,1
395,-74.2212771007,40.5694231013,2,0,1
396,-74.2112771007,40.5694231013,2,2,1
397,-74.2012771007,40.5694231013,2,1,1
398,-74.1912771007,40.5694231013,1,1,1
399,-74.1812771007,40.5694231013,1,1,1
400,-74.1712771007,40.5694231013,1,1,1
401,-74.1612771007,40.5694231013,0,1,1
402,-74.1512771007,40.5694231013,1,1,1
403,-74.1412771007,40.5694231013,1,1,1
404,-74.1312771007,40.5694231013,0,1,1
405,-74.1212771007,40.5694231013,1,1,1
406,-74.1112771007,40.5694231013,1,1,1
407,-74.1012771007,40.5694231013,1,1,0
408,-74.0912771007,40.5694231013,1,1,1
409,-74.0812771007,40.5694231013,2,1,1
410,-74.0712771007,40.5694231013,2,1,1
411,-74.0612771007,40.5694231013,0,1,1
412,-74.0512771007,40.5694231013,0,0,1
413,-74.0412771007,40.5694231013,2,2,2
414,-74.0312771007,40.5694231013,2,2,2
415,-74.0212771007,40.5694231013,2,2,2
416,-74.0112771007,40.5694231013,2,2,2
417,-74.0012771007,40.5694231013,1,0,0
418,-73.9912771007,40.5694231013,1,1,1
419,-73.9812771007,40.5694231013,1,1,1
420,-73.9712771007,40.5694231013,0,0,0
421,-73.9612771007,40.5694231013,0,0,0
422,-73.9512771007,40.5694231013,0,1,1
423,-73.9412771007,40.5694231013,1,1,1
424,-73.9312771007,40.5694231013,1,1,0
425,-73.9212771007,40.5694231013,0,0,0
426,-73.9112771007,40.5694231013,0,0,0
427,-73.9012771007,40.5694231013,1,0,1
428,-73.8912771007,40.5694231013,1,1,1
429,-73.8812771007,40.5694231013,1,1,1
430,-73.8712771007,40.5694231013,1,1,1
431,-73.8612771007,40.5694231013,1,1,1
432,-73.8512771007,40.5694231013,1,1,1
433,-73.8412771007,40.5694231013,0,1,1
434,-73.8312771007,40.5694231013,1,1,1
435,-73.8212771007,40.5694231013,0,0,1
436,-73.8112771007,40.5694231013,1,1,1
437,-73.8012771007,40.5694231013,1,1,1
438,-73.7912771007,40.5694231013,1,1,1
439,-73.7812771007,40.5694231013,0,1,1
440,-73.7712771007,40.5694231013,1,1,1
441,-73.7612771007,40.5694231013,1,1,1
442,-73.7512771007,40.5694231013,0,1,0
443,-73.7412771007,40.5694231013,0,1,1
444,-73.7312771007,40.5694231013,0,1,1
445,-73.7212771007,40.5694231013,0,1,1
446,-73.7112771007,40.5694231013,0,1,1
447,-73.7012771007,40.5694231013,0,1,1
448,-74.2512771007,40.5794231013,0,1,1
449,-74.2412771007,40.5794231013,1,0,1
450,-74.2312771007,40.5794231013,2,0,1
451,-74.2212771007,40.5794231013,2,2,1
452,-74.2112771007,40.5794231013,1,1,1
453,-74.2012771007,40.5794231013,1,1,1
454,-74.1912771007,40.5794231013,1,1,1
455,-74.1812771007,40.5794231013,1,1,1
456,-74.1712771007,40.5794231013,0,0,1
457,-74.1612771007,40.5794231013,0,0,1
458,-74.1512771007,40.5794231013,0,2,1
459,-74.1412771007,40.5794231013,1,1,1
460,-74.1312771007,40.5794231013,1,1,1
461,-74.1212771007,40.5794231013,1,1,1
462,-74.1112771007,40.5794231013,1,1,0
463,-74.1012771007,40.5794231013,1,1,1
464,-74.0912771007,40.5794231013,1,1,1
465,-74.0812771007,40.5794231013,1,1,1
466,-74.0712771007,40.5794231013,0,1,1
467,-74.0612771007,40.5794231013,0,1,1
468,-74.0512771007,40.5794231013,0,0,1
469,-74.0412771007,40.5794231013,0,0,2
470,-74.0312771007,40.5794231013,2,2,2
471,-74.0212771007,40.5794231013,2,2,2
472,-74.0112771007,40.5794231013,2,2,2
473,-74.0012771007,40.5794231013,0,1,1
474,-73.9912771007,40.5794231013,1,0,1
475,-73.9812771007,40.5794231013,1,1,1
476,-73.9712771007,40.5794231013,0,0,0
477,-73.9612771007,40.5794231013,1,1,1
478,-73.9512771007,40.5794231013,0,1,1
479,-73.9412771007,40.5794231013,1,1,1
480,-73.9312771007,40.5794231013,0,0,0
481,-73.9212771007,40.5794231013,0,0,0
482,-73.9112771007,40.5794231013,0,0,1
483,-73.9012771007,40.5794231013,1,0,1
484,-73.8912771007,40.5794231013,1,1,1
485,-73.8812771007,40.5794231013,1,1,1
486,-73.8712771007,40.5794231013,1,1,1
487,-73.8612771007,40.5794231013,1,1,1
488,-73.8512771007,40.5794231013,1,1,1
489,-73.8412771007,40.5794231013,1,1,1
490,-73.8312771007,40.5794231013,1,1,1
491,-73.8212771007,40.5794231013,1,1,1
492,-73.8112771007,40.5794231013,0,1,1
493,-73.8012771007,40.5794231013,1,1,1
494,-73.7912771007,40.5794231013,1,1,1
495,-73.7812771007,40.5794231013,1,1,1
496,-73.7712771007,40.5794231013,1,1,1
497,-73.7612771007,40.5794231013,1,1,1
498,-73.7512771007,40.5794231013,0,1,0
499,-73.7412771007,40.5794231013,0,1,1
500,-73.7312771007,40.5794231013,0,1,1
501,-73.7212771007,40.5794231013,0,1,1
502,-73.7112771007,40.5794231013,0,1,1
503,-73.7012771007,40.5794231013,0,1,1
504,-74.2512771007,40.5894231013,1,0,1
505,-74.2412771007,40.5894231013,2,0,1
506,-74.2312771007,40.5894231013,1,1,1
507,-74.2212771007,40.5894231013,1,1,1
508,-74.2112771007,40.5894231013,1,1,1
509,-74.2012771007,40.5894231013,1,1,1
510,-74.1912771007,40.5894231013,1,1,1
511,-74.1812771007,40.5894231013,1,1,1
512,-74.1712771007,40.5894231013,1,1,1
513,-74.1612771007,40.5894231013,1,1,1
514,-74.1512771007,40.5894231013,1,1,1
515,-74.1412771007,40.5894231013,1,1,1
516,-74.1312771007,40.5894231013,1,1,1
517,-74.1212771007,40.5894231013,1,1,1
518,-74.1112771007,40.5894231013,1,0,0
519,-74.1012771007,40.5894231013,0,0,0
520,-74.0912771007,40.5894231013,1,0,0
521,-74.0812771007,40.5894231013,1,1,1
522,-74.0712771007,40.5894231013,1,1,1
523,-74.0612771007,40.5894231013,0,0,1
524,-74.0512771007,40.5894231013,0,0,0
525,-74.0412771007,40.5894231013,2,0,1
526,-74.0312771007,40.5894231013,1,2,2
527,-74.0212771007,40.5894231013,2,2,2
528,-74.0112771007,40.5894231013,1,0,0
529,-74.0012771007,40.5894231013,0,1,0
530,-73.9912771007,40.5894231013,1,1,1
531,-73.9812771007,40.5894231013,1,1,1
532,-73.9712771007,40.5894231013,1,1,1
533,-73.9612771007,40.5894231013,2,1,0
534,-73.9512771007,40.5894231013,0,0,0
535,-73.9412771007,40.5894231013,0,0,0
536,-73.9312771007,40.5894231013,1,1,1
537,-73.9212771007,40.5894231013,0,1,1
538,-73.9112771007,40.5894231013,0,1,1
539,-73.9012771007,40.5894231013,1,1,1
540,-73.8912771007,40.5894231013,1,1,1
541,-73.8812771007,40.5894231013,1,1,1
542,-73.8712771007,40.5894231013,1,1,1
543,-73.8612771007,40.5894231013,1,1,1
544,-73.8512771007,40.5894231013,1,1,1
545,-73.8412771007,40.5894231013,1,1,1
546,-73.8312771007,40.5894231013,1,1,1
547,-73.8212771007,40.5894231013,1,1,1
548,-73.8112771007,40.5894231013,1,1,1
549,-73.8012771007,40.5894231013,1,1,1
550,-73.7912771007,40.5894231013,1,1,1
551,-73.7812771007,40.5894231013,1,1,1
552,-73.7712771007,40.5894231013,1,2,2
553,-73.7612771007,40.5894231013,1,1,1
554,-73.7512771007,40.5894231013,0,1,0
555,-73.7412771007,40.5894231013,0,1,1
556,-73.7312771007,40.5894231013,0,1,1
557,-73.7212771007,40.5894231013,0,1,1
558,-73.7112771007,40.5894231013,0,1,1
559,-73.7012771007,40.5894231013,0,1,1
560,-74.2512771007,40.5994231013,1,1,1
561,-74.2412771007,40.5994231013,1,1,1
562,-74.2312771007,40.5994231013,1,1,1
563,-74.2212771007,40.5994231013,1,1,1
564,-74.2112771007,40.5994231013,1,1,1
565,-74.2012771007,40.5994231013,1,1,1
566,-74.1912771007,40.5994231013,1,1,1
567,-74.1812771007,40.5994231013,1,1,1
568,-74.1712771007,40.5994231013,1,1,1
569,-74.1612771007,40.5994231013,1,1,1
570,-74.1512771007,40.5994231013,0,0,0
571,-74.1412771007,40.5994231013,1,1,0
572,-74.1312771007,40.5994231013,1,0,1
573,-74.1212771007,40.5994231013,0,1,1
574,-74.1112771007,40.5994231013,1,1,1
575,-74.1012771007,40.5994231013,1,1,1
576,-74.0912771007,40.5994231013,1,1,1
577,-74.0812771007,40.5994231013,1,1,1
578,-74.0712771007,40.5994231013,1,1,0
579,-74.0612771007,40.5994231013,1,1,0
580,-74.0512771007,40.5994231013,2,0,1
581,-74.0412771007,40.5994231013,1,1,1
582,-74.0312771007,40.5994231013,0,1,1
583,-74.0212771007,40.5994231013,0,2,1
584,-74.0112771007,40.5994231013,1,1,1
585,-74.0012771007,40.5994231013,0,0,0
586,-73.9912771007,40.5994231013,0,1,1
587,-73.9812771007,40.5994231013,1,1,1
588,-73.9712771007,40.5994231013,1,1,0
589,-73.9612771007,40.5994231013,0,0,0
590,-73.9512771007,40.5994231013,0,0,0
591,-73.9412771007,40.5994231013,1,1,1
592,-73.9312771007,40.5994231013,0,0,0
593,-73.9212771007,40.5994231013,1,1,1
594,-73.9112771007,40.5994231013,1,1,1
595,-73.9012771007,40.5994231013,1,1,1
596,-73.8912771007,40.5994231013,1,1,1
597,-73.8812771007,40.5994231013,0,1,1
598,-73.8712771007,40.5994231013,1,1,1
599,-73.8612771007,40.5994231013,1,1,1
600,-73.8512771007,40.5994231013,1,1,1
601,-73.8412771007,40.5994231013,1,1,1
602,-73.8312771007,40.5994231013,1,1,1
603,-73.8212771007,40.5994231013,1,1,1
604,-73.8112771007,40.5994231013,1,1,1
605,-73.8012771007,40.5994231013,1,1,1
606,-73.7912771007,40.5994231013,1,1,1
607,-73.7812771007,40.5994231013,1,1,1
608,-73.7712771007,40.5994231013,1,1,1
609,-73.7612771007,40.5994231013,1,1,1
610,-73.7512771007,40.5994231013,1,1,1
611,-73.7412771007,40.5994231013,1,1,1
612,-73.7312771007,40.5994231013,0,1,1
613,-73.7212771007,40.5994231013,0,1,1
614,-73.7112771007,40.5994231013,0,1,1
615,-73.7012771007,40.5994231013,0,1,1
616,-74.2512771007,40.6094231013,1,1,1
617,-74.2412771007,40.6094231013,1,1,1
618,-74.2312771007,40.6094231013,1,1,1
619,-74.2212771007,40.6094231013,1,1,1
620,-74.2112771007,40.6094231013,1,1,1
621,-74.2012771007,40.6094231013,1,1,1
622,-74.1912771007,40.6094231013,1,1,1
623,-74.1812771007,40.6094231013,1,1,1
624,-74.1712771007,40.6094231013,1,1,1
625,-74.1612771007,40.6094231013,1,1,1
626,-74.1512771007,40.6094231013,1,0,1
627,-74.1412771007,40.6094231013,2,1,1
628,-74.1312771007,40.6094231013,0,1,1
629,-74.1212771007,40.6094231013,1,1,1
630,-74.1112771007,40.6094231013,0,1,1
631,-74.1012771007,40.6094231013,0,1,1
632,-74.0912771007,40.6094231013,0,1,1
633,-74.0812771007,40.6094231013,1,0,0
634,-74.0712771007,40.6094231013,1,1,1
635,-74.0612771007,40.6094231013,1,1,1
636,-74.0512771007,40.6094231013,1,1,1
637,-74.0412771007,40.6094231013,1,1,1
638,-74.0312771007,40.6094231013,1,1,1
639,-74.0212771007,40.6094231013,1,1,1
640,-74.0112771007,40.6094231013,0,1,1
641,-74.0012771007,40.6094231013,0,0,0
642,-73.9912771007,40.6094231013,1,1,1
643,-73.9812771007,40.6094231013,1,1,0
644,-73.9712771007,40.6094231013,1,1,1
645,-73.9612771007,40.6094231013,1,1,1
646,-73.9512771007,40.6094231013,2,2,2
647,-73.9412771007,40.6094231013,1,1,1
648,-73.9312771007,40.6094231013,2,1,1
649,-73.9212771007,40.6094231013,1,1,1
650,-73.9112771007,40.6094231013,0,1,1
651,-73.9012771007,40.6094231013,1,1,1
652,-73.8912771007,40.6094231013,1,1,1
653,-73.8812771007,40.6094231013,1,1,1
654,-73.8712771007,40.6094231013,1,1,1
655,-73.8612771007,40.6094231013,1,1,1
656,-73.8512771007,40.6094231013,1,1,1
657,-73.8412771007,40.6094231013,1,1,1
658,-73.8312771007,40.6094231013,0,1,1
659,-73.8212771007,40.6094231013,0,1,1
660,-73.8112771007,40.6094231013,2,1,1
661,-73.8012771007,40.6094231013,1,1,1
662,-73.7912771007,40.6094231013,1,0,0
663,-73.7812771007,40.6094231013,1,1,1
664,-73.7712771007,40.6094231013,1,1,1
665,-73.7612771007,40.6094231013,1,1,1
666,-73.7512771007,40.6094231013,1,1,1
667,-73.7412771007,40.6094231013,1,1,1
668,-73.7312771007,40.6094231013,1,1,1
669,-73.7212771007,40.6094231013,0,1,1
670,-73.7112771007,40.6094231013,0,1,1
671,-73.7012771007,40.6094231013,0,1,1
672,-74.2512771007,40.6194231013,1,1,1
673,-74.2412771007,40.6194231013,1,1,1
674,-74.2312771007,40.6194231013,1,1,1
675,-74.2212771007,40.6194231013,1,1,1
676,-74.2112771007,40.6194231013,1,1,1
677,-74.2012771007,40.6194231013,1,1,1
678,-74.1912771007,40.6194231013,1,1,1
679,-74.1812771007,40.6194231013,1,1,1
680,-74.1712771007,40.6194231013,0,1,1
681,-74.1612771007,40.6194231013,1,1,1
682,-74.1512771007,40.6194231013,1,1,1
683,-74.1412771007,40.6194231013,0,1,1
684,-74.1312771007,40.6194231013,1,1,1
685,-74.1212771007,40.6194231013,1,1,1
686,-74.1112771007,40.6194231013,1,1,1
687,-74.1012771007,40.6194231013,1,1,1
688,-74.0912771007,40.6194231013,1,1,1
689,-74.0812771007,40.6194231013,1,1,1
690,-74.0712771007,40.6194231013,2,2,1
691,-74.0612771007,40.6194231013,1,1,1
692,-74.0512771007,40.6194231013,2,0,0
693,-74.0412771007,40.6194231013,2,0,1
694,-74.0312771007,40.6194231013,0,1,1
695,-74.0212771007,40.6194231013,1,1,0
696,-74.0112771007,40.6194231013,0,0,1
697,-74.0012771007,40.6194231013,1,1,1
698,-73.9912771007,40.6194231013,1,1,1
699,-73.9812771007,40.6194231013,1,1,1
700,-73.9712771007,40.6194231013,1,1,0
701,-73.9612771007,40.6194231013,1,0,1
702,-73.9512771007,40.6194231013,0,0,0
703,-73.9412771007,40.6194231013,1,1,0
704,-73.9312771007,40.6194231013,1,1,1
705,-73.9212771007,40.6194231013,1,1,1
706,-73.9112771007,40.6194231013,0,1,1
707,-73.9012771007,40.6194231013,0,1,1
708,-73.8912771007,40.6194231013,1,1,1
709,-73.8812771007,40.6194231013,1,1,1
710,-73.8712771007,40.6194231013,1,1,1
711,-73.8612771007,40.6194231013,1,1,1
712,-73.8512771007,40.6194231013,1,1,1
713,-73.8412771007,40.6194231013,0,1,1
714,-73.8312771007,40.6194231013,0,1,1
715,-73.8212771007,40.6194231013,1,1,1
716,-73.8112771007,40.6194231013,2,1,1
717,-73.8012771007,40.6194231013,1,1,1
718,-73.7912771007,40.6194231013,1,1,1
719,-73.7812771007,40.6194231013,1,1,1
720,-73.7712771007,40.6194231013,1,1,1
721,-73.7612771007,40.6194231013,1,1,1
722,-73.7512771007,40.6194231013,1,1,1
723,-73.7412771007,40.6194231013,1,1,1
724,-73.7312771007,40.6194231013,1,0,1
725,-73.7212771007,40.6194231013,1,1,1
726,-73.7112771007,40.6194231013,1,1,1
727,-73.7012771007,40.6194231013,1,1,1
728,-74.2512771007,40.6294231013,1,1,1
729,-74.2412771007,40.6294231013,1,1,1
730,-74.2312771007,40.6294231013,1,1,1
731,-74.2212771007,40.6294231013,1,1,1
732,-74.2112771007,40.6294231013,1,1,1
733,-74.2012771007,40.6294231013,1,1,1
734,-74.1912771007,40.6294231013,1,1,1
735,-74.1812771007,40.6294231013,1,1,1
736,-74.1712771007,40.6294231013,1,1,1
737,-74.1612771007,40.6294231013,0,1,1
738,-74.1512771007,40.6294231013,1,1,1
739,-74.1412771007,40.6294231013,0,1,1
740,-74.1312771007,40.6294231013,1,1,1
741,-74.1212771007,40.6294231013,1,1,1
742,-74.1112771007,40.6294231013,1,1,1
743,-74.1012771007,40.6294231013,1,1,1
744,-74.0912771007,40.6294231013,0,1,1
745,-74.0812771007,40.6294231013,0,1,1
746,-74.0712771007,40.6294231013,1,1,1
747,-74.0612771007,40.6294231013,1,1,1
748,-74.0512771007,40.6294231013,1,1,1
749,-74.0412771007,40.6294231013,0,0,1
750,-74.0312771007,40.6294231013,1,1,1
751,-74.0212771007,40.6294231013,0,1,0
752,-74.0112771007,40.6294231013,0,0,0
753,-74.0012771007,40.6294231013,1,1,0
754,-73.9912771007,40.6294231013,0,0,0
755,-73.9812771007,40.6294231013,1,1,1
756,-73.9712771007,40.6294231013,0,1,1
757,-73.9612771007,40.6294231013,1,1,1
758,-73.9512771007,40.6294231013,0,1,1
759,-73.9412771007,40.6294231013,2,0,0
760,-73.9312771007,40.6294231013,1,1,1
761,-73.9212771007,40.6294231013,1,1,1
762,-73.9112771007,40.6294231013,0,1,1
763,-73.9012771007,40.6294231013,1,1,1
764,-73.8912771007,40.6294231013,1,1,1
765,-73.8812771007,40.6294231013,1,1,1
766,-73.8712771007,40.6294231013,1,1,1
767,-73.8612771007,40.6294231013,0,0,1
768,-73.8512771007,40.6294231013,1,1,1
769,-73.8412771007,40.6294231013,1,1,1
770,-73.8312771007,40.6294231013,1,1,1
771,-73.8212771007,40.6294231013,1,1,1
772,-73.8112771007,40.6294231013,1,1,1
773,-73.8012771007,40.6294231013,2,1,1
774,-73.7912771007,40.6294231013,1,1,1
775,-73.7812771007,40.6294231013,1,1,1
776,-73.7712771007,40.6294231013,1,1,1
777,-73.7612771007,40.6294231013,1,1,1
778,-73.7512771007,40.6294231013,1,1,1
779,-73.7412771007,40.6294231013,1,1,1
780,-73.7312771007,40.6294231013,1,1,1
781,-73.7212771007,40.6294231013,1,1,1
782,-73.7112771007,40.6294231013,1,1,1
783,-73.7012771007,40.6294231013,1,1,1
784,-74.2512771007,40.6394231013,1,1,1
785,-74.2412771007,40.6394231013,1,1,1
786,-74.2312771007,40.6394231013,1,1,1
787,-74.2212771007,40.6394231013,1,1,1
788,-74.2112771007,40.6394231013,1,1,1
789,-74.2012771007,40.6394231013,1,1,1
790,-74.1912771007,40.6394231013,1,1,1
791,-74.1812771007,40.6394231013,1,1,1
792,-74.1712771007,40.6394231013,1,1,1
793,-74.1612771007,40.6394231013,1,1,1
794,-74.1512771007,40.6394231013,1,1,1
795,-74.1412771007,40.6394231013,1,1,1
796,-74.1312771007,40.6394231013,1,1,1
797,-74.1212771007,40.6394231013,0,0,0
798,-74.1112771007,40.6394231013,1,1,1
799,-74.1012771007,40.6394231013,2,1,2
800,-74.0912771007,40.6394231013,1,1,1
801,-74.0812771007,40.6394231013,1,1,1
802,-74.0712771007,40.6394231013,1,1,1
803,-74.0612771007,40.6394231013,0,1,1
804,-74.0512771007,40.6394231013,2,2,0
805,-74.0412771007,40.6394231013,2,2,0
806,-74.0312771007,40.6394231013,1,1,1
807,-74.0212771007,40.6394231013,1,1,0
808,-74.0112771007,40.6394231013,1,1,1
809,-74.0012771007,40.6394231013,1,0,0
810,-73.9912771007,40.6394231013,0,0,0
811,-73.9812771007,40.6394231013,1,1,1
812,-73.9712771007,40.6394231013,0,0,1
813,-73.9612771007,40.6394231013,1,1,1
814,-73.9512771007,40.6394231013,1,1,1
815,-73.9412771007,40.6394231013,1,0,0
816,-73.9312771007,40.6394231013,1,1,1
817,-73.9212771007,40.6394231013,1,1,1
818,-73.9112771007,40.6394231013,1,1,1
819,-73.9012771007,40.6394231013,1,1,1
820,-73.8912771007,40.6394231013,1,1,1
821,-73.8812771007,40.6394231013,1,1,1
822,-73.8712771007,40.6394231013,0,1,1
823,-73.8612771007,40.6394231013,0,1,1
824,-73.8512771007,40.6394231013,0,1,1
825,-73.8412771007,40.6394231013,1,1,1
826,-73.8312771007,40.6394231013,2,1,1
827,-73.8212771007,40.6394231013,1,1,1
828,-73.8112771007,40.6394231013,1,1,1
829,-73.8012771007,40.6394231013,1,1,1
830,-73.7912771007,40.6394231013,1,1,1
831,-73.7812771007,40.6394231013,1,1,1
832,-73.7712771007,40.6394231013,1,1,1
833,-73.7612771007,40.6394231013,1,1,1
834,-73.7512771007,40.6394231013,1,1,1
835,-73.7412771007,40.6394231013,1,1,1
836,-73.7312771007,40.6394231013,1,1,1
837,-73.7212771007,40.6394231013,1,1,1
838,-73.7112771007,40.6394231013,1,1,1
839,-73.7012771007,40.6394231013,1,1,1
840,-74.2512771007,40.6494231013,1,1,1
841,-74.2412771007,40.6494231013,1,1,1
842,-74.2312771007,40.6494231013,1,1,1
843,-74.2212771007,40.6494231013,1,1,1
844,-74.2112771007,40.6494231013,1,1,1
845,-74.2012771007,40.6494231013,1,1,1
846,-74.1912771007,40.6494231013,1,1,1
847,-74.1812771007,40.6494231013,1,1,1
848,-74.1712771007,40.6494231013,1,1,1
849,-74.1612771007,40.6494231013,1,1,1
850,-74.1512771007,40.6494231013,1,1,1
851,-74.1412771007,40.6494231013,1,1,1
852,-74.1312771007,40.6494231013,1,1,1
853,-74.1212771007,40.6494231013,1,0,0
854,-74.1112771007,40.6494231013,1,1,1
855,-74.1012771007,40.6494231013,1,1,1
856,-74.0912771007,40.6494231013,1,1,1
857,-74.0812771007,40.6494231013,1,1,1
858,-74.0712771007,40.6494231013,1,1,1
859,-74.0612771007,40.6494231013,0,1,1
860,-74.0512771007,40.6494231013,2,2,0
861,-74.0412771007,40.6494231013,1,0,0
862,-74.0312771007,40.6494231013,1,1,1
863,-74.0212771007,40.6494231013,1,1,1
864,-74.0112771007,40.6494231013,1,1,1
865,-74.0012771007,40.6494231013,0,2,2
866,-73.9912771007,40.6494231013,1,1,1
867,-73.9812771007,40.6494231013,1,2,2
868,-73.9712771007,40.6494231013,1,1,1
869,-73.9612771007,40.6494231013,1,1,1
870,-73.9512771007,40.6494231013,1,1,1
871,-73.9412771007,40.6494231013,1,1,1
872,-73.9312771007,40.6494231013,1,1,1
873,-73.9212771007,40.6494231013,1,1,1
874,-73.9112771007,40.6494231013,1,1,1
875,-73.9012771007,40.6494231013,1,1,1
876,-73.8912771007,40.6494231013,1,1,1
877,-73.8812771007,40.6494231013,1,0,0
878,-73.8712771007,40.6494231013,1,1,1
879,-73.8612771007,40.6494231013,1,1,1
880,-73.8512771007,40.6494231013,0,1,1
881,-73.8412771007,40.6494231013,1,1,1
882,-73.8312771007,40.6494231013,0,1,1
883,-73.8212771007,40.6494231013,1,1,1
884,-73.8112771007,40.6494231013,1,1,1
885,-73.8012771007,40.6494231013,1,1,1
886,-73.7912771007,40.6494231013,1,1,1
887,-73.7812771007,40.6494231013,1,1,1
888,-73.7712771007,40.6494231013,1,1,1
889,-73.7612771007,40.6494231013,1,1,1
890,-73.7512771007,40.6494231013,1,1,1
891,-73.7412771007,40.6494231013,1,1,1
892,-73.7312771007,40.6494231013,1,1,1
893,-73.7212771007,40.6494231013,1,1,1
894,-73.7112771007,40.6494231013,1,1,1
895,-73.7012771007,40.6494231013,1,1,1
896,-74.2512771007,40.6594231013,1,1,1
897,-74.2412771007,40.6594231013,1,1,1
898,-74.2312771007,40.6594231013,1,1,1
899,-74.2212771007,40.6594231013,1,1,1
900,-74.2112771007,40.6594231013,1,1,1
901,-74.2012771007,40.6594231013,1,1,1
902,-74.1912771007,40.6594231013,1,1,1
903,-74.1812771007,40.6594231013,1,1,1
904,-74.1712771007,40.6594231013,1,1,1
905,-74.1612771007,40.6594231013,1,1,1
906,-74.1512771007,40.6594231013,1,1,1
907,-74.1412771007,40.6594231013,1,1,1
908,-74.1312771007,40.6594231013,1,1,1
909,-74.1212771007,40.6594231013,1,1,0
910,-74.1112771007,40.6594231013,1,1,1
911,-74.1012771007,40.6594231013,1,1,1
912,-74.0912771007,40.6594231013,1,1,1
913,-74.0812771007,40.6594231013,1,1,1
914,-74.0712771007,40.6594231013,1,1,1
915,-74.0612771007,40.6594231013,0,1,1
916,-74.0512771007,40.6594231013,1,2,0
917,-74.0412771007,40.6594231013,1,1,1
918,-74.0312771007,40.6594231013,1,1,1
919,-74.0212771007,40.6594231013,0,1,1
920,-74.0112771007,40.6594231013,1,1,1
921,-74.0012771007,40.6594231013,1,1,1
922,-73.9912771007,40.6594231013,1,1,1
923,-73.9812771007,40.6594231013,1,1,1
924,-73.9712771007,40.6594231013,1,1,1
925,-73.9612771007,40.6594231013,1,1,1
926,-73.9512771007,40.6594231013,1,1,1
927,-73.9412771007,40.6594231013,0,1,1
928,-73.9312771007,40.6594231013,1,1,1
929,-73.9212771007,40.6594231013,1,1,1
930,-73.9112771007,40.6594231013,1,0,1
931,-73.9012771007,40.6594231013,1,1,1
932,-73.8912771007,40.6594231013,1,1,1
933,-73.8812771007,40.6594231013,1,2,0
934,-73.8712771007,40.6594231013,1,1,1
935,-73.8612771007,40.6594231013,1,1,0
936,-73.8512771007,40.6594231013,1,1,1
937,-73.8412771007,40.6594231013,1,1,1
938,-73.8312771007,40.6594231013,1,1,1
939,-73.8212771007,40.6594231013,1,1,1
940,-73.8112771007,40.6594231013,1,1,1
941,-73.8012771007,40.6594231013,1,1,1
942,-73.7912771007,40.6594231013,1,1,1
943,-73.7812771007,40.6594231013,1,1,0
944,-73.7712771007,40.6594231013,1,1,1
945,-73.7612771007,40.6594231013,1,1,1
946,-73.7512771007,40.6594231013,1,1,1
947,-73.7412771007,40.6594231013,1,1,1
948,-73.7312771007,40.6594231013,1,1,1
949,-73.7212771007,40.6594231013,1,1,1
950,-73.7112771007,40.6594231013,1,1,1
951,-73.7012771007,40.6594231013,1,1,1
952,-74.2512771007,40.6694231013,1,1,1
953,-74.2412771007,40.6694231013,1,1,1
954,-74.2312771007,40.6694231013,1,1,1
955,-74.2212771007,40.6694231013,1,1,1
956,-74.2112771007,40.6694231013,1,1,1
957,-74.2012771007,40.6694231013,1,1,1
958,-74.1912771007,40.6694231013,1,1,1
959,-74.1812771007,40.6694231013,1,1,1
960,-74.1712771007,40.6694231013,1,1,1
961,-74.1612771007,40.6694231013,1,1,1
962,-74.1512771007,40.6694231013,1,1,1
963,-74.1412771007,40.6694231013,1,1,1
964,-74.1312771007,40.6694231013,1,1,1
965,-74.1212771007,40.6694231013,1,1,0
966,-74.1112771007,40.6694231013,1,1,1
967,-74.1012771007,40.6694231013,1,1,1
968,-74.0912771007,40.6694231013,1,1,1
969,-74.0812771007,40.6694231013,1,1,1
970,-74.0712771007,40.6694231013,1,1,1
971,-74.0612771007,40.6694231013,1,1,1
972,-74.0512771007,40.6694231013,1,1,2
973,-74.0412771007,40.6694231013,1,1,1
974,-74.0312771007,40.6694231013,1,1,1
975,-74.0212771007,40.6694231013,1,0,1
976,-74.0112771007,40.6694231013,1,1,1
977,-74.0012771007,40.6694231013,1,0,0
978,-73.9912771007,40.6694231013,0,0,1
979,-73.9812771007,40.6694231013,1,1,1
980,-73.9712771007,40.6694231013,1,1,1
981,-73.9612771007,40.6694231013,1,1,1
982,-73.9512771007,40.6694231013,1,1,0
983,-73.9412771007,40.6694231013,1,1,1
984,-73.9312771007,40.6694231013,1,1,1
985,-73.9212771007,40.6694231013,1,1,1
986,-73.9112771007,40.6694231013,1,1,1
987,-73.9012771007,40.6694231013,1,1,1
988,-73.8912771007,40.6694231013,1,1,1
989,-73.8812771007,40.6694231013,1,1,1
990,-73.8712771007,40.6694231013,1,1,1
991,-73.8612771007,40.6694231013,1,1,1
992,-73.8512771007,40.6694231013,0,1,1
993,-73.8412771007,40.6694231013,1,1,1
994,-73.8312771007,40.6694231013,1,1,1
995,-73.8212771007,40.6694231013,1,1,1
996,-73.8112771007,40.6694231013,1,1,1
997,-73.8012771007,40.6694231013,0,1,1
998,-73.7912771007,40.6694231013,1,1,1
999,-73.7812771007,40.6694231013,1,1,0
1000,-73.7712771007,40.6694231013,1,1,1
1001,-73.7612771007,40.6694231013,1,1,1
1002,-73.7512771007,40.6694231013,1,1,1
1003,-73.7412771007,40.6694231013,1,1,1
1004,-73.7312771007,40.6694231013,1,1,1
1005,-73.7212771007,40.6694231013,1,1,1
1006,-73.7112771007,40.6694231013,1,1,1
1007,-73.7012771007,40.6694231013,1,1,1
1008,-74.2512771007,40.6794231013,1,1,1
1009,-74.2412771007,40.6794231013,1,1,1
1010,-74.2312771007,40.6794231013,1,1,1
1011,-74.2212771007,40.6794231013,1,1,1
1012,-74.2112771007,40.6794231013,1,1,1
1013,-74.2012771007,40.6794231013,1,1,1
1014,-74.1912771007,40.6794231013,1,1,1
1015,-74.1812771007,40.6794231013,1,1,1
1016,-74.1712771007,40.6794231013,1,1,1
1017,-74.1612771007,40.6794231013,1,1,1
1018,-74.1512771007,40.6794231013,1,1,1
1019,-74.1412771007,40.6794231013,1,1,1
1020,-74.1312771007,40.6794231013,1,1,1
1021,-74.1212771007,40.6794231013,1,1,0
1022,-74.1112771007,40.6794231013,1,1,1
1023,-74.1012771007,40.6794231013,1,1,1
1024,-74.0912771007,40.6794231013,1,1,1
1025,-74.0812771007,40.6794231013,1,1,1
1026,-74.0712771007,40.6794231013,1,1,1
1027,-74.0612771007,40.6794231013,1,1,1
1028,-74.0512771007,40.6794231013,1,1,1
1029,-74.0412771007,40.6794231013,1,1,1
1030,-74.0312771007,40.6794231013,1,1,1
1031,-74.0212771007,40.6794231013,1,1,1
1032,-74.0112771007,40.6794231013,1,1,1
1033,-74.0012771007,40.6794231013,1,1,0
1034,-73.9912771007,40.6794231013,1,1,0
1035,-73.9812771007,40.6794231013,1,1,1
1036,-73.9712771007,40.6794231013,1,0,0
1037,-73.9612771007,40.6794231013,1,1,1
1038,-73.9512771007,40.6794231013,1,1,1
1039,-73.9412771007,40.6794231013,1,0,0
1040,-73.9312771007,40.6794231013,1,1,1
1041,-73.9212771007,40.6794231013,1,1,1
1042,-73.9112771007,40.6794231013,1,1,1
1043,-73.9012771007,40.6794231013,1,1,1
1044,-73.8912771007,40.6794231013,1,1,1
1045,-73.8812771007,40.6794231013,1,1,1
1046,-73.8712771007,40.6794231013,1,1,1
1047,-73.8612771007,40.6794231013,1,1,1
1048,-73.8512771007,40.6794231013,1,1,1
1049,-73.8412771007,40.6794231013,1,1,1
1050,-73.8312771007,40.6794231013,1,1,1
1051,-73.8212771007,40.6794231013,1,1,1
1052,-73.8112771007,40.6794231013,1,1,1
1053,-73.8012771007,40.6794231013,1,1,1
1054,-73.7912771007,40.6794231013,1,1,1
1055,-73.7812771007,40.6794231013,1,1,1
1056,-73.7712771007,40.6794231013,1,1,1
1057,-73.7612771007,40.6794231013,1,1,1
1058,-73.7512771007,40.6794231013,1,1,1
1059,-73.7412771007,40.6794231013,1,1,1
1060,-73.7312771007,40.6794231013,1,1,1
1061,-73.7212771007,40.6794231013,1,1,1
1062,-73.7112771007,40.6794231013,1,1,1
1063,-73.7012771007,40.6794231013,1,1,1
1064,-74.2512771007,40.6894231013,1,1,1
1065,-74.2412771007,40.6894231013,1,1,1
1066,-74.2312771007,40.6894231013,1,1,1
1067,-74.2212771007,40.6894231013,1,1,1
1068,-74.2112771007,40.6894231013,1,1,1
1069,-74.2012771007,40.6894231013,1,1,1
1070,-74.1912771007,40.6894231013,1,1,1
1071,-74.1812771007,40.6894231013,1,1,1
1072,-74.1712771007,40.6894231013,1,1,1
1073,-74.1612771007,40.6894231013,1,1,1
1074,-74.1512771007,40.6894231013,1,1,1
1075,-74.1412771007,40.6894231013,1,1,1
1076,-74.1312771007,40.6894231013,1,1,1
1077,-74.1212771007,40.6894231013,1,1,1
1078,-74.1112771007,40.6894231013,1,1,1
1079,-74.1012771007,40.6894231013,1,1,1
1080,-74.0912771007,40.6894231013,1,1,1
1081,-74.0812771007,40.6894231013,1,1,1
1082,-74.0712771007,40.6894231013,1,1,1
1083,-74.0612771007,40.6894231013,2,1,1
1084,-74.0512771007,40.6894231013,1,1,1
1085,-74.0412771007,40.6894231013,1,1,1
1086,-74.0312771007,40.6894231013,1,1,1
1087,-74.0212771007,40.6894231013,1,1,1
1088,-74.0112771007,40.6894231013,1,1,1
1089,-74.0012771007,40.6894231013,1,0,1
1090,-73.9912771007,40.6894231013,1,1,1
1091,-73.9812771007,40.6894231013,1,1,1
1092,-73.9712771007,40.6894231013,1,1,1
1093,-73.9612771007,40.6894231013,1,1,1
1094,-73.9512771007,40.6894231013,1,1,1
1095,-73.9412771007,40.6894231013,1,1,1
1096,-73.9312771007,40.6894231013,1,1,1
1097,-73.9212771007,40.6894231013,1,1,1
1098,-73.9112771007,40.6894231013,1,1,1
1099,-73.9012771007,40.6894231013,1,1,1
1100,-73.8912771007,40.6894231013,1,1,1
1101,-73.8812771007,40.6894231013,1,1,1
1102,-73.8712771007,40.6894231013,1,1,1
1103,-73.8612771007,40.6894231013,0,1,1
1104,-73.8512771007,40.6894231013,1,1,1
1105,-73.8412771007,40.6894231013,1,1,1
1106,-73.8312771007,40.6894231013,1,1,1
1107,-73.8212771007,40.6894231013,1,1,1
1108,-73.8112771007,40.6894231013,1,1,1
1109,-73.8012771007,40.6894231013,1,1,1
1110,-73.7912771007,40.6894231013,1,1,1
1111,-73.7812771007,40.6894231013,1,1,1
1112,-73.7712771007,40.6894231013,1,1,1
1113,-73.7612771007,40.6894231013,1,1,1
1114,-73.7512771007,40.6894231013,1,1,1
1115,-73.7412771007,40.6894231013,1,1,1
1116,-73.7312771007,40.6894231013,1,1,1
1117,-73.7212771007,40.6894231013,1,1,1
1118,-73.7112771007,40.6894231013,1,1,1
1119,-73.7012771007,40.6894231013,1,1,1
1120,-74.2512771007,40.6994231013,1,1,1
1121,-74.2412771007,40.6994231013,1,1,1
1122,-74.2312771007,40.6994231013,1,1,1
1123,-74.2212771007,40.6994231013,1,1,1
1124,-74.2112771007,40.6994231013,1,1,1
1125,-74.2012771007,40.6994231013,1,1,1
1126,-74.1912771007,40.6994231013,1,1,1
1127,-74.1812771007,40.6994231013,1,1,1
1128,-74.1712771007,40.6994231013,1,1,1
1129,-74.1612771007,40.6994231013,1,1,1
1130,-74.1512771007,40.6994231013,1,1,1
1131,-74.1412771007,40.6994231013,1,1,1
1132,-74.1312771007,40.6994231013,1,1,1
1133,-74.1212771007,40.6994231013,1,1,1
1134,-74.1112771007,40.6994231013,1,1,1
1135,-74.1012771007,40.6994231013,1,1,1
1136,-74.0912771007,40.6994231013,1,1,1
1137,-74.0812771007,40.6994231013,1,1,1
1138,-74.0712771007,40.6994231013,1,1,1
1139,-74.0612771007,40.6994231013,1,1,0
1140,-74.0512771007,40.6994231013,0,1,0
1141,-74.0412771007,40.6994231013,0,1,0
1142,-74.0312771007,40.6994231013,0,1,1
1143,-74.0212771007,40.6994231013,2,1,1
1144,-74.0112771007,40.6994231013,0,0,0
1145,-74.0012771007,40.6994231013,0,1,1
1146,-73.9912771007,40.6994231013,0,2,0
1147,-73.9812771007,40.6994231013,0,0,0
1148,-73.9712771007,40.6994231013,1,1,1
1149,-73.9612771007,40.6994231013,1,1,1
1150,-73.9512771007,40.6994231013,1,1,1
1151,-73.9412771007,40.6994231013,1,1,1
1152,-73.9312771007,40.6994231013,1,1,1
1153,-73.9212771007,40.6994231013,1,1,1
1154,-73.9112771007,40.6994231013,1,1,1
1155,-73.9012771007,40.6994231013,1,0,1
1156,-73.8912771007,40.6994231013,1,1,1
1157,-73.8812771007,40.6994231013,0,1,1
1158,-73.8712771007,40.6994231013,1,1,1
1159,-73.8612771007,40.6994231013,0,0,1
1160,-73.8512771007,40.6994231013,0,1,1
1161,-73.8412771007,40.6994231013,1,1,1
1162,-73.8312771007,40.6994231013,1,1,1
1163,-73.8212771007,40.6994231013,1,1,1
1164,-73.8112771007,40.6994231013,1,1,1
1165,-73.8012771007,40.6994231013,1,1,1
1166,-73.7912771007,40.6994231013,1,1,1
1167,-73.7812771007,40.6994231013,1,1,1
1168,-73.7712771007,40.6994231013,1,1,1
1169,-73.7612771007,40.6994231013,1,1,1
1170,-73.7512771007,40.6994231013,1,1,1
1171,-73.7412771007,40.6994231013,1,1,1
1172,-73.7312771007,40.6994231013,1,1,1
1173,-73.7212771007,40.6994231013,1,1,1
1174,-73.7112771007,40.6994231013,1,1,1
1175,-73.7012771007,40.6994231013,1,1,1
1176,-74.2512771007,40.7094231013,1,1,1
1177,-74.2412771007,40.7094231013,1,1,1
1178,-74.2312771007,40.7094231013,1,1,1
1179,-74.2212771007,40.7094231013,1,1,1
1180,-74.2112771007,40.7094231013,1,1,1
1181,-74.2012771007,40.7094231013,1,1,1
1182,-74.1912771007,40.7094231013,1,1,1
1183,-74.1812771007,40.7094231013,1,1,1
1184,-74.1712771007,40.7094231013,1,1,1
1185,-74.1612771007,40.7094231013,1,1,1
1186,-74.1512771007,40.7094231013,1,1,1
1187,-74.1412771007,40.7094231013,1,1,1
1188,-74.1312771007,40.7094231013,1,1,1
1189,-74.1212771007,40.7094231013,1,1,1
1190,-74.1112771007,40.7094231013,1,1,1
1191,-74.1012771007,40.7094231013,1,1,1
1192,-74.0912771007,40.7094231013,1,1,1
1193,-74.0812771007,40.7094231013,1,1,1
1194,-74.0712771007,40.7094231013,0,0,0
1195,-74.0612771007,40.7094231013,0,0,0
1196,-74.0512771007,40.7094231013,0,1,0
1197,-74.0412771007,40.7094231013,0,1,0
1198,-74.0312771007,40.7094231013,0,1,0
1199,-74.0212771007,40.7094231013,0,1,0
1200,-74.0112771007,40.7094231013,0,1,1
1201,-74.0012771007,40.7094231013,0,0,0
1202,-73.9912771007,40.7094231013,1,1,1
1203,-73.9812771007,40.7094231013,1,0,0
1204,-73.9712771007,40.7094231013,0,0,1
1205,-73.9612771007,40.7094231013,0,1,1
1206,-73.9512771007,40.7094231013,1,1,1
1207,-73.9412771007,40.7094231013,0,0,0
1208,-73.9312771007,40.7094231013,1,1,1
1209,-73.9212771007,40.7094231013,1,1,1
1210,-73.9112771007,40.7094231013,1,1,1
1211,-73.9012771007,40.7094231013,1,1,1
1212,-73.8912771007,40.7094231013,1,0,1
1213,-73.8812771007,40.7094231013,1,1,1
1214,-73.8712771007,40.7094231013,0,1,1
1215,-73.8612771007,40.7094231013,0,1,1
1216,-73.8512771007,40.7094231013,2,1,1
1217,-73.8412771007,40.7094231013,1,0,0
1218,-73.8312771007,40.7094231013,1,1,1
1219,-73.8212771007,40.7094231013,1,1,1
1220,-73.8112771007,40.7094231013,1,1,1
1221,-73.8012771007,40.7094231013,0,1,0
1222,-73.7912771007,40.7094231013,1,2,1
1223,-73.7812771007,40.7094231013,1,1,1
1224,-73.7712771007,40.7094231013,1,1,1
1225,-73.7612771007,40.7094231013,1,1,1
1226,-73.7512771007,40.7094231013,1,1,1
1227,-73.7412771007,40.7094231013,1,1,1
1228,-73.7312771007,40.7094231013,1,1,1
1229,-73.7212771007,40.7094231013,0,1,1
1230,-73.7112771007,40.7094231013,0,1,1
1231,-73.7012771007,40.7094231013,1,1,1
1232,-74.2512771007,40.7194231013,1,1,1
1233,-74.2412771007,40.7194231013,1,1,1
1234,-74.2312771007,40.7194231013,1,1,1
1235,-74.2212771007,40.7194231013,1,1,1
1236,-74.2112771007,40.7194231013,1,1,1
1237,-74.2012771007,40.7194231013,1,1,1
1238,-74.1912771007,40.7194231013,1,1,1
1239,-74.1812771007,40.7194231013,1,1,1
1240,-74.1712771007,40.7194231013,1,1,1
1241,-74.1612771007,40.7194231013,1,1,1
1242,-74.1512771007,40.7194231013,1,1,1
1243,-74.1412771007,40.7194231013,1,1,1
1244,-74.1312771007,40.7194231013,1,1,1
1245,-74.1212771007,40.7194231013,1,1,1
1246,-74.1112771007,40.7194231013,1,1,1
1247,-74.1012771007,40.7194231013,1,1,1
1248,-74.0912771007,40.7194231013,1,1,1
1249,-74.0812771007,40.7194231013,0,0,0
1250,-74.0712771007,40.7194231013,0,0,0
1251,-74.0612771007,40.7194231013,0,0,0
1252,-74.0512771007,40.7194231013,0,0,0
1253,-74.0412771007,40.7194231013,0,0,0
1254,-74.0312771007,40.7194231013,0,1,0
1255,-74.0212771007,40.7194231013,0,1,0
1256,-74.0112771007,40.7194231013,1,1,1
1257,-74.0012771007,40.7194231013,1,1,1
1258,-73.9912771007,40.7194231013,1,0,0
1259,-73.9812771007,40.7194231013,1,1,1
1260,-73.9712771007,40.7194231013,0,1,1
1261,-73.9612771007,40.7194231013,1,1,1
1262,-73.9512771007,40.7194231013,1,1,1
1263,-73.9412771007,40.7194231013,1,1,1
1264,-73.9312771007,40.7194231013,1,1,1
1265,-73.9212771007,40.7194231013,1,1,1
1266,-73.9112771007,40.7194231013,1,1,1
1267,-73.9012771007,40.7194231013,0,1,1
1268,-73.8912771007,40.7194231013,0,1,1
1269,-73.8812771007,40.7194231013,1,1,1
1270,-73.8712771007,40.7194231013,0,0,0
1271,-73.8612771007,40.7194231013,1,1,1
1272,-73.8512771007,40.7194231013,1,0,0
1273,-73.8412771007,40.7194231013,0,1,1
1274,-73.8312771007,40.7194231013,1,1,0
1275,-73.8212771007,40.7194231013,0,0,0
1276,-73.8112771007,40.7194231013,1,1,1
1277,-73.8012771007,40.7194231013,1,1,1
1278,-73.7912771007,40.7194231013,0,1,1
1279,-73.7812771007,40.7194231013,1,1,1
1280,-73.7712771007,40.7194231013,1,1,1
1281,-73.7612771007,40.7194231013,1,1,1
1282,-73.7512771007,40.7194231013,1,1,1
1283,-73.7412771007,40.7194231013,1,1,1
1284,-73.7312771007,40.7194231013,1,1,0
1285,-73.7212771007,40.7194231013,1,1,1
1286,-73.7112771007,40.7194231013,1,1,1
1287,-73.7012771007,40.7194231013,1,1,1
1288,-74.2512771007,40.7294231013,1,1,1
1289,-74.2412771007,40.7294231013,1,1,1
1290,-74.2312771007,40.7294231013,1,1,1
1291,-74.2212771007,40.7294231013,1,1,1
1292,-74.2112771007,40.7294231013,1,1,1
1293,-74.2012771007,40.7294231013,1,1,1
1294,-74.1912771007,40.7294231013,1,1,1
1295,-74.1812771007,40.7294231013,1,1,1
1296,-74.1712771007,40.7294231013,1,1,1
1297,-74.1612771007,40.7294231013,1,1,1
1298,-74.1512771007,40.7294231013,1,1,1
1299,-74.1412771007,40.7294231013,1,1,1
1300,-74.1312771007,40.7294231013,1,1,1
1301,-74.1212771007,40.7294231013,1,1,1
1302,-74.1112771007,40.7294231013,1,1,1
1303,-74.1012771007,40.7294231013,1,1,1
1304,-74.0912771007,40.7294231013,0,0,0
1305,-74.0812771007,40.7294231013,0,0,0
1306,-74.0712771007,40.7294231013,0,0,0
1307,-74.0612771007,40.7294231013,0,1,0
1308,-74.0512771007,40.7294231013,0,1,0
1309,-74.0412771007,40.7294231013,0,1,0
1310,-74.0312771007,40.7294231013,1,1,0
1311,-74.0212771007,40.7294231013,0,1,1
1312,-74.0112771007,40.7294231013,1,1,1
1313,-74.0012771007,40.7294231013,1,1,1
1314,-73.9912771007,40.7294231013,1,1,1
1315,-73.9812771007,40.7294231013,1,1,1
1316,-73.9712771007,40.7294231013,0,1,0
1317,-73.9612771007,40.7294231013,1,1,1
1318,-73.9512771007,40.7294231013,1,1,1
1319,-73.9412771007,40.7294231013,0,1,1
1320,-73.9312771007,40.7294231013,1,1,1
1321,-73.9212771007,40.7294231013,1,1,1
1322,-73.9112771007,40.7294231013,0,1,1
1323,-73.9012771007,40.7294231013,1,1,1
1324,-73.8912771007,40.7294231013,0,1,1
1325,-73.8812771007,40.7294231013,1,1,1
1326,-73.8712771007,40.7294231013,1,1,1
1327,-73.8612771007,40.7294231013,0,0,0
1328,-73.8512771007,40.7294231013,1,1,0
1329,-73.8412771007,40.7294231013,1,1,1
1330,-73.8312771007,40.7294231013,0,0,0
1331,-73.8212771007,40.7294231013,0,0,0
1332,-73.8112771007,40.7294231013,1,0,0
1333,-73.8012771007,40.7294231013,1,1,1
1334,-73.7912771007,40.7294231013,1,1,1
1335,-73.7812771007,40.7294231013,1,1,1
1336,-73.7712771007,40.7294231013,1,1,1
1337,-73.7612771007,40.7294231013,1,1,1
1338,-73.7512771007,40.7294231013,1,1,1
1339,-73.7412771007,40.7294231013,0,1,1
1340,-73.7312771007,40.7294231013,0,1,1
1341,-73.7212771007,40.7294231013,1,1,1
1342,-73.7112771007,40.7294231013,1,1,1
1343,-73.7012771007,40.7294231013,1,1,1
1344,-74.2512771007,40.7394231013,1,1,1
1345,-74.2412771007,40.7394231013,1,1,1
1346,-74.2312771007,40.7394231013,1,1,1
1347,-74.2212771007,40.7394231013,1,1,1
1348,-74.2112771007,40.7394231013,1,1,1
1349,-74.2012771007,40.7394231013,1,1,1
1350,-74.1912771007,40.7394231013,1,1,1
1351,-74.1812771007,40.7394231013,1,1,1
1352,-74.1712771007,40.7394231013,1,1,1
1353,-74.1612771007,40.7394231013,1,1,1
1354,-74.1512771007,40.7394231013,1,1,1
1355,-74.1412771007,40.7394231013,1,1,1
1356,-74.1312771007,40.7394231013,1,1,1
1357,-74.1212771007,40.7394231013,1,1,1
1358,-74.1112771007,40.7394231013,1,1,1
1359,-74.1012771007,40.7394231013,0,0,0
1360,-74.0912771007,40.7394231013,0,1,0
1361,-74.0812771007,40.7394231013,0,1,0
1362,-74.0712771007,40.7394231013,0,1,1
1363,-74.0612771007,40.7394231013,0,1,1
1364,-74.0512771007,40.7394231013,1,0,1
1365,-74.0412771007,40.7394231013,0,1,1
1366,-74.0312771007,40.7394231013,0,1,1
1367,-74.0212771007,40.7394231013,0,1,1
1368,-74.0112771007,40.7394231013,1,1,1
1369,-74.0012771007,40.7394231013,1,1,1
1370,-73.9912771007,40.7394231013,1,1,1
1371,-73.9812771007,40.7394231013,0,1,1
1372,-73.9712771007,40.7394231013,0,1,1
1373,-73.9612771007,40.7394231013,1,1,1
1374,-73.9512771007,40.7394231013,1,1,1
1375,-73.9412771007,40.7394231013,1,0,1
1376,-73.9312771007,40.7394231013,1,1,1
1377,-73.9212771007,40.7394231013,0,0,0
1378,-73.9112771007,40.7394231013,1,1,1
1379,-73.9012771007,40.7394231013,1,1,1
1380,-73.8912771007,40.7394231013,0,1,1
1381,-73.8812771007,40.7394231013,1,1,1
1382,-73.8712771007,40.7394231013,1,1,1
1383,-73.8612771007,40.7394231013,1,1,1
1384,-73.8512771007,40.7394231013,2,1,1
1385,-73.8412771007,40.7394231013,1,1,1
1386,-73.8312771007,40.7394231013,0,1,1
1387,-73.8212771007,40.7394231013,1,1,1
1388,-73.8112771007,40.7394231013,1,1,1
1389,-73.8012771007,40.7394231013,1,1,1
1390,-73.7912771007,40.7394231013,1,1,1
1391,-73.7812771007,40.7394231013,1,0,0
1392,-73.7712771007,40.7394231013,1,1,1
1393,-73.7612771007,40.7394231013,0,0,1
1394,-73.7512771007,40.7394231013,1,0,0
1395,-73.7412771007,40.7394231013,0,0,1
1396,-73.7312771007,40.7394231013,1,1,1
1397,-73.7212771007,40.7394231013,1,1,1
1398,-73.7112771007,40.7394231013,1,1,1
1399,-73.7012771007,40.7394231013,1,1,1
1400,-74.2512771007,40.7494231013,1,1,1
1401,-74.2412771007,40.7494231013,1,1,1
1402,-74.2312771007,40.7494231013,1,1,1
1403,-74.2212771007,40.7494231013,1,1,1
1404,-74.2112771007,40.7494231013,1,1,1
1405,-74.2012771007,40.7494231013,1,1,1
1406,-74.1912771007,40.7494231013,1,1,1
1407,-74.1812771007,40.7494231013,1,1,1
1408,-74.1712771007,40.7494231013,1,1,1
1409,-74.1612771007,40.7494231013,1,1,1
1410,-74.1512771007,40.7494231013,1,1,1
1411,-74.1412771007,40.7494231013,1,1,1
1412,-74.1312771007,40.7494231013,1,1,1
1413,-74.1212771007,40.7494231013,1,1,1
1414,-74.1112771007,40.7494231013,0,1,0
1415,-74.1012771007,40.7494231013,0,1,1
1416,-74.0912771007,40.7494231013,0,0,1
1417,-74.0812771007,40.7494231013,0,0,1
1418,-74.0712771007,40.7494231013,0,1,1
1419,-74.0612771007,40.7494231013,0,1,1
1420,-74.0512771007,40.7494231013,0,1,1
1421,-74.0412771007,40.7494231013,0,1,1
1422,-74.0312771007,40.7494231013,0,1,1
1423,-74.0212771007,40.7494231013,0,1,1
1424,-74.0112771007,40.7494231013,1,1,1
1425,-74.0012771007,40.7494231013,2,2,1
1426,-73.9912771007,40.7494231013,0,1,1
1427,-73.9812771007,40.7494231013,1,1,1
1428,-73.9712771007,40.7494231013,0,1,1
1429,-73.9612771007,40.7494231013,1,1,1
1430,-73.9512771007,40.7494231013,1,1,1
1431,-73.9412771007,40.7494231013,1,1,1
1432,-73.9312771007,40.7494231013,1,1,1
1433,-73.9212771007,40.7494231013,1,0,0
1434,-73.9112771007,40.7494231013,2,1,1
1435,-73.9012771007,40.7494231013,1,1,1
1436,-73.8912771007,40.7494231013,0,0,0
1437,-73.8812771007,40.7494231013,1,1,1
1438,-73.8712771007,40.7494231013,1,1,1
1439,-73.8612771007,40.7494231013,1,1,1
1440,-73.8512771007,40.7494231013,1,1,1
1441,-73.8412771007,40.7494231013,1,1,1
1442,-73.8312771007,40.7494231013,1,1,1
1443,-73.8212771007,40.7494231013,1,1,1
1444,-73.8112771007,40.7494231013,1,1,1
1445,-73.8012771007,40.7494231013,0,1,1
1446,-73.7912771007,40.7494231013,1,1,1
1447,-73.7812771007,40.7494231013,1,0,1
1448,-73.7712771007,40.7494231013,1,1,1
1449,-73.7612771007,40.7494231013,1,1,1
1450,-73.7512771007,40.7494231013,1,1,1
1451,-73.7412771007,40.7494231013,1,0,0
1452,-73.7312771007,40.7494231013,1,0,1
1453,-73.7212771007,40.7494231013,0,1,1
1454,-73.7112771007,40.7494231013,1,1,1
1455,-73.7012771007,40.7494231013,1,1,1
1456,-74.2512771007,40.7594231013,1,1,1
1457,-74.2412771007,40.7594231013,1,1,1
1458,-74.2312771007,40.7594231013,1,1,1
1459,-74.2212771007,40.7594231013,1,1,1
1460,-74.2112771007,40.7594231013,1,1,1
1461,-74.2012771007,40.7594231013,1,1,1
1462,-74.1912771007,40.7594231013,1,1,1
1463,-74.1812771007,40.7594231013,1,1,1
1464,-74.1712771007,40.7594231013,1,1,1
1465,-74.1612771007,40.7594231013,1,1,1
1466,-74.1512771007,40.7594231013,1,1,1
1467,-74.1412771007,40.7594231013,1,1,1
1468,-74.1312771007,40.7594231013,1,1,1
1469,-74.1212771007,40.7594231013,0,1,1
1470,-74.1112771007,40.7594231013,0,0,1
1471,-74.1012771007,40.7594231013,0,1,1
1472,-74.0912771007,40.7594231013,0,1,1
1473,-74.0812771007,40.7594231013,0,1,1
1474,-74.0712771007,40.7594231013,0,1,1
1475,-74.0612771007,40.7594231013,0,1,1
1476,-74.0512771007,40.7594231013,0,0,1
1477,-74.0412771007,40.7594231013,0,1,1
1478,-74.0312771007,40.7594231013,1,1,1
1479,-74.0212771007,40.7594231013,1,1,1
1480,-74.0112771007,40.7594231013,0,1,1
1481,-74.0012771007,40.7594231013,1,1,1
1482,-73.9912771007,40.7594231013,1,1,1
1483,-73.9812771007,40.7594231013,1,1,1
1484,-73.9712771007,40.7594231013,0,1,1
1485,-73.9612771007,40.7594231013,1,1,1
1486,-73.9512771007,40.7594231013,1,1,1
1487,-73.9412771007,40.7594231013,1,1,1
1488,-73.9312771007,40.7594231013,1,1,1
1489,-73.9212771007,40.7594231013,1,1,0
1490,-73.9112771007,40.7594231013,1,0,1
1491,-73.9012771007,40.7594231013,0,1,1
1492,-73.8912771007,40.7594231013,1,1,1
1493,-73.8812771007,40.7594231013,1,1,1
1494,-73.8712771007,40.7594231013,1,1,1
1495,-73.8612771007,40.7594231013,1,1,0
1496,-73.8512771007,40.7594231013,1,1,1
1497,-73.8412771007,40.7594231013,1,1,0
1498,-73.8312771007,40.7594231013,1,1,1
1499,-73.8212771007,40.7594231013,0,0,0
1500,-73.8112771007,40.7594231013,1,1,1
1501,-73.8012771007,40.7594231013,1,1,1
1502,-73.7912771007,40.7594231013,1,1,1
1503,-73.7812771007,40.7594231013,1,1,1
1504,-73.7712771007,40.7594231013,0,0,0
1505,-73.7612771007,40.7594231013,1,1,1
1506,-73.7512771007,40.7594231013,1,1,1
1507,-73.7412771007,40.7594231013,1,1,1
1508,-73.7312771007,40.7594231013,1,1,1
1509,-73.7212771007,40.7594231013,2,1,1
1510,-73.7112771007,40.7594231013,1,1,1
1511,-73.7012771007,40.7594231013,1,1,1
1512,-74.2512771007,40.7694231013,1,1,1
1513,-74.2412771007,40.7694231013,1,1,1
1514,-74.2312771007,40.7694231013,1,1,1
1515,-74.2212771007,40.7694231013,1,1,1
1516,-74.2112771007,40.7694231013,1,1,1
1517,-74.2012771007,40.7694231013,1,1,1
1518,-74.1912771007,40.7694231013,1,1,1
1519,-74.1812771007,40.7694231013,1,1,1
1520,-74.1712771007,40.7694231013,1,1,1
1521,-74.1612771007,40.7694231013,1,1,1
1522,-74.1512771007,40.7694231013,1,1,1
1523,-74.1412771007,40.7694231013,1,1,1
1524,-74.1312771007,40.7694231013,0,1,1
1525,-74.1212771007,40.7694231013,0,1,1
1526,-74.1112771007,40.7694231013,0,1,1
1527,-74.1012771007,40.7694231013,0,1,1
1528,-74.0912771007,40.7694231013,0,1,1
1529,-74.0812771007,40.7694231013,0,0,1
1530,-74.0712771007,40.7694231013,0,1,1
1531,-74.0612771007,40.7694231013,0,1,1
1532,-74.0512771007,40.7694231013,1,1,1
1533,-74.0412771007,40.7694231013,1,1,1
1534,-74.0312771007,40.7694231013,1,1,1
1535,-74.0212771007,40.7694231013,1,1,1
1536,-74.0112771007,40.7694231013,2,1,1
1537,-74.0012771007,40.7694231013,0,1,1
1538,-73.9912771007,40.7694231013,0,1,1
1539,-73.9812771007,40.7694231013,1,1,1
1540,-73.9712771007,40.7694231013,1,1,1
1541,-73.9612771007,40.7694231013,1,1,1
1542,-73.9512771007,40.7694231013,1,0,1
1543,-73.9412771007,40.7694231013,1,0,1
1544,-73.9312771007,40.7694231013,1,1,1
1545,-73.9212771007,40.7694231013,0,0,1
1546,-73.9112771007,40.7694231013,1,1,1
1547,-73.9012771007,40.7694231013,1,1,1
1548,-73.8912771007,40.7694231013,1,1,1
1549,-73.8812771007,40.7694231013,1,1,1
1550,-73.8712771007,40.7694231013,1,1,1
1551,-73.8612771007,40.7694231013,1,1,1
1552,-73.8512771007,40.7694231013,1,1,1
1553,-73.8412771007,40.7694231013,1,1,1
1554,-73.8312771007,40.7694231013,1,1,1
1555,-73.8212771007,40.7694231013,1,1,0
1556,-73.8112771007,40.7694231013,1,1,1
1557,-73.8012771007,40.7694231013,1,1,1
1558,-73.7912771007,40.7694231013,2,1,0
1559,-73.7812771007,40.7694231013,1,1,1
1560,-73.7712771007,40.7694231013,1,1,1
1561,-73.7612771007,40.7694231013,1,1,1
1562,-73.7512771007,40.7694231013,1,1,1
1563,-73.7412771007,40.7694231013,0,0,0
1564,-73.7312771007,40.7694231013,2,1,1
1565,-73.7212771007,40.7694231013,2,1,1
1566,-73.7112771007,40.7694231013,1,1,1
1567,-73.7012771007,40.7694231013,1,1,1
1568,-74.2512771007,40.7794231013,1,1,1
1569,-74.2412771007,40.7794231013,1,1,1
1570,-74.2312771007,40.7794231013,1,1,1
1571,-74.2212771007,40.7794231013,1,1,1
1572,-74.2112771007,40.7794231013,1,1,1
1573,-74.2012771007,40.7794231013,1,1,1
1574,-74.1912771007,40.7794231013,1,1,1
1575,-74.1812771007,40.7794231013,1,1,1
1576,-74.1712771007,40.7794231013,1,1,1
1577,-74.1612771007,40.7794231013,1,1,1
1578,-74.1512771007,40.7794231013,1,1,1
1579,-74.1412771007,40.7794231013,0,1,1
1580,-74.1312771007,40.7794231013,0,1,1
1581,-74.1212771007,40.7794231013,0,1,1
1582,-74.1112771007,40.7794231013,0,0,1
1583,-74.1012771007,40.7794231013,0,1,1
1584,-74.0912771007,40.7794231013,0,1,1
1585,-74.0812771007,40.7794231013,1,1,1
1586,-74.0712771007,40.7794231013,1,1,1
1587,-74.0612771007,40.7794231013,1,1,1
1588,-74.0512771007,40.7794231013,1,1,1
1589,-74.0412771007,40.7794231013,1,0,1
1590,-74.0312771007,40.7794231013,1,1,1
1591,-74.0212771007,40.7794231013,1,1,1
1592,-74.0112771007,40.7794231013,0,1,1
1593,-74.0012771007,40.7794231013,1,1,1
1594,-73.9912771007,40.7794231013,1,0,0
1595,-73.9812771007,40.7794231013,1,1,1
1596,-73.9712771007,40.7794231013,0,1,1
1597,-73.9612771007,40.7794231013,1,1,1
1598,-73.9512771007,40.7794231013,1,1,1
1599,-73.9412771007,40.7794231013,0,0,0
1600,-73.9312771007,40.7794231013,1,1,1
1601,-73.9212771007,40.7794231013,1,0,1
1602,-73.9112771007,40.7794231013,1,1,1
1603,-73.9012771007,40.7794231013,1,1,1
1604,-73.8912771007,40.7794231013,1,1,1
1605,-73.8812771007,40.7794231013,1,1,1
1606,-73.8712771007,40.7794231013,1,1,1
1607,-73.8612771007,40.7794231013,1,1,1
1608,-73.8512771007,40.7794231013,1,1,1
1609,-73.8412771007,40.7794231013,1,1,1
1610,-73.8312771007,40.7794231013,1,0,0
1611,-73.8212771007,40.7794231013,1,1,1
1612,-73.8112771007,40.7794231013,1,1,1
1613,-73.8012771007,40.7794231013,1,1,1
1614,-73.7912771007,40.7794231013,1,1,1
1615,-73.7812771007,40.7794231013,2,1,1
1616,-73.7712771007,40.7794231013,1,1,0
1617,-73.7612771007,40.7794231013,0,1,1
1618,-73.7512771007,40.7794231013,1,1,1
1619,-73.7412771007,40.7794231013,1,1,1
1620,-73.7312771007,40.7794231013,1,1,1
1621,-73.7212771007,40.7794231013,2,1,1
1622,-73.7112771007,40.7794231013,1,1,1
1623,-73.7012771007,40.7794231013,1,1,1
1624,-74.2512771007,40.7894231013,1,1,1
1625,-74.2412771007,40.7894231013,1,1,1
1626,-74.2312771007,40.7894231013,1,1,1
1627,-74.2212771007,40.7894231013,1,1,1
1628,-74.2112771007,40.7894231013,1,1,1
1629,-74.2012771007,40.7894231013,1,1,1
1630,-74.1912771007,40.7894231013,1,1,1
1631,-74.1812771007,40.7894231013,1,1,1
1632,-74.1712771007,40.7894231013,1,1,1
1633,-74.1612771007,40.7894231013,1,1,1
1634,-74.1512771007,40.7894231013,1,1,1
1635,-74.1412771007,40.7894231013,0,1,1
1636,-74.1312771007,40.7894231013,0,1,1
1637,-74.1212771007,40.7894231013,0,1,1
1638,-74.1112771007,40.7894231013,1,1,1
1639,-74.1012771007,40.7894231013,1,1,1
1640,-74.0912771007,40.7894231013,1,1,1
1641,-74.0812771007,40.7894231013,1,1,1
1642,-74.0712771007,40.7894231013,1,1,1
1643,-74.0612771007,40.7894231013,1,1,1
1644,-74.0512771007,40.7894231013,1,1,1
1645,-74.0412771007,40.7894231013,1,1,1
1646,-74.0312771007,40.7894231013,1,1,1
1647,-74.0212771007,40.7894231013,0,1,1
1648,-74.0112771007,40.7894231013,1,1,0
1649,-74.0012771007,40.7894231013,1,0,0
1650,-73.9912771007,40.7894231013,0,0,0
1651,-73.9812771007,40.7894231013,2,1,0
1652,-73.9712771007,40.7894231013,1,1,1
1653,-73.9612771007,40.7894231013,1,1,1
1654,-73.9512771007,40.7894231013,0,1,1
1655,-73.9412771007,40.7894231013,1,1,1
1656,-73.9312771007,40.7894231013,1,0,1
1657,-73.9212771007,40.7894231013,1,1,1
1658,-73.9112771007,40.7894231013,1,1,1
1659,-73.9012771007,40.7894231013,1,1,1
1660,-73.8912771007,40.7894231013,1,1,1
1661,-73.8812771007,40.7894231013,1,1,1
1662,-73.8712771007,40.7894231013,1,1,1
1663,-73.8612771007,40.7894231013,1,1,1
1664,-73.8512771007,40.7894231013,1,1,1
1665,-73.8412771007,40.7894231013,0,1,1
1666,-73.8312771007,40.7894231013,1,1,1
1667,-73.8212771007,40.7894231013,1,1,1
1668,-73.8112771007,40.7894231013,1,1,1
1669,-73.8012771007,40.7894231013,1,1,1
1670,-73.7912771007,40.7894231013,1,1,1
1671,-73.7812771007,40.7894231013,1,0,0
1672,-73.7712771007,40.7894231013,0,0,0
1673,-73.7612771007,40.7894231013,1,1,1
1674,-73.7512771007,40.7894231013,1,1,1
1675,-73.7412771007,40.7894231013,1,1,1
1676,-73.7312771007,40.7894231013,1,1,1
1677,-73.7212771007,40.7894231013,2,1,1
1678,-73.7112771007,40.7894231013,2,1,1
1679,-73.7012771007,40.7894231013,1,1,1
1680,-74.2512771007,40.7994231013,1,1,1
1681,-74.2412771007,40.7994231013,1,1,1
1682,-74.2312771007,40.7994231013,1,1,1
1683,-74.2212771007,40.7994231013,1,1,1
1684,-74.2112771007,40.7994231013,1,1,1
1685,-74.2012771007,40.7994231013,1,1,1
1686,-74.1912771007,40.7994231013,1,1,1
1687,-74.1812771007,40.7994231013,1,1,1
1688,-74.1712771007,40.7994231013,1,1,1
1689,-74.1612771007,40.7994231013,1,1,1
1690,-74.1512771007,40.7994231013,0,1,1
1691,-74.1412771007,40.7994231013,1,1,1
1692,-74.1312771007,40.7994231013,1,1,1
1693,-74.1212771007,40.7994231013,1,0,1
1694,-74.1112771007,40.7994231013,1,1,1
1695,-74.1012771007,40.7994231013,1,1,1
1696,-74.0912771007,40.7994231013,1,1,1
1697,-74.0812771007,40.7994231013,1,1,1
1698,-74.0712771007,40.7994231013,1,1,1
1699,-74.0612771007,40.7994231013,1,1,1
1700,-74.0512771007,40.7994231013,1,1,1
1701,-74.0412771007,40.7994231013,1,1,1
1702,-74.0312771007,40.7994231013,1,1,1
1703,-74.0212771007,40.7994231013,1,0,0
1704,-74.0112771007,40.7994231013,1,0,0
1705,-74.0012771007,40.7994231013,1,1,1
1706,-73.9912771007,40.7994231013,1,1,1
1707,-73.9812771007,40.7994231013,2,1,0
1708,-73.9712771007,40.7994231013,0,1,1
1709,-73.9612771007,40.7994231013,1,1,1
1710,-73.9512771007,40.7994231013,1,1,1
1711,-73.9412771007,40.7994231013,1,1,1
1712,-73.9312771007,40.7994231013,1,1,1
1713,-73.9212771007,40.7994231013,1,1,0
1714,-73.9112771007,40.7994231013,1,1,1
1715,-73.9012771007,40.7994231013,1,1,1
1716,-73.8912771007,40.7994231013,0,1,1
1717,-73.8812771007,40.7994231013,1,1,1
1718,-73.8712771007,40.7994231013,1,1,1
1719,-73.8612771007,40.7994231013,1,1,1
1720,-73.8512771007,40.7994231013,0,1,1
1721,-73.8412771007,40.7994231013,0,1,1
1722,-73.8312771007,40.7994231013,2,1,1
1723,-73.8212771007,40.7994231013,1,1,1
1724,-73.8112771007,40.7994231013,1,1,2
1725,-73.8012771007,40.7994231013,1,1,1
1726,-73.7912771007,40.7994231013,1,1,1
1727,-73.7812771007,40.7994231013,1,0,0
1728,-73.7712771007,40.7994231013,0,0,0
1729,-73.7612771007,40.7994231013,0,0,0
1730,-73.7512771007,40.7994231013,1,1,1
1731,-73.7412771007,40.7994231013,1,1,1
1732,-73.7312771007,40.7994231013,1,1,1
1733,-73.7212771007,40.7994231013,0,1,1
1734,-73.7112771007,40.7994231013,2,1,1
1735,-73.7012771007,40.7994231013,1,1,1
1736,-74.2512771007,40.8094231013,1,1,1
1737,-74.2412771007,40.8094231013,1,1,1
1738,-74.2312771007,40.8094231013,1,1,1
1739,-74.2212771007,40.8094231013,1,1,1
1740,-74.2112771007,40.8094231013,1,1,1
1741,-74.2012771007,40.8094231013,1,1,1
1742,-74.1912771007,40.8094231013,1,1,1
1743,-74.1812771007,40.8094231013,1,1,1
1744,-74.1712771007,40.8094231013,1,1,1
1745,-74.1612771007,40.8094231013,1,1,1
1746,-74.1512771007,40.8094231013,1,1,1
1747,-74.1412771007,40.8094231013,1,0,1
1748,-74.1312771007,40.8094231013,1,1,1
1749,-74.1212771007,40.8094231013,1,1,1
1750,-74.1112771007,40.8094231013,1,1,1
1751,-74.1012771007,40.8094231013,1,1,1
1752,-74.0912771007,40.8094231013,1,1,1
1753,-74.0812771007,40.8094231013,1,1,1
1754,-74.0712771007,40.8094231013,1,1,1
1755,-74.0612771007,40.8094231013,1,1,1
1756,-74.0512771007,40.8094231013,1,1,1
1757,-74.0412771007,40.8094231013,1,0,0
1758,-74.0312771007,40.8094231013,1,0,0
1759,-74.0212771007,40.8094231013,1,0,0
1760,-74.0112771007,40.8094231013,1,1,1
1761,-74.0012771007,40.8094231013,1,1,1
1762,-73.9912771007,40.8094231013,2,0,0
1763,-73.9812771007,40.8094231013,1,0,1
1764,-73.9712771007,40.8094231013,2,1,1
1765,-73.9612771007,40.8094231013,1,1,1
1766,-73.9512771007,40.8094231013,0,1,1
1767,-73.9412771007,40.8094231013,1,1,1
1768,-73.9312771007,40.8094231013,1,1,0
1769,-73.9212771007,40.8094231013,1,1,1
1770,-73.9112771007,40.8094231013,1,1,1
1771,-73.9012771007,40.8094231013,1,0,1
1772,-73.8912771007,40.8094231013,0,1,1
1773,-73.8812771007,40.8094231013,1,1,1
1774,-73.8712771007,40.8094231013,1,1,1
1775,-73.8612771007,40.8094231013,1,1,1
1776,-73.8512771007,40.8094231013,1,1,1
1777,-73.8412771007,40.8094231013,1,1,1
1778,-73.8312771007,40.8094231013,1,1,1
1779,-73.8212771007,40.8094231013,0,0,0
1780,-73.8112771007,40.8094231013,0,1,1
1781,-73.8012771007,40.8094231013,0,1,1
1782,-73.7912771007,40.8094231013,1,1,1
1783,-73.7812771007,40.8094231013,1,1,0
1784,-73.7712771007,40.8094231013,1,0,0
1785,-73.7612771007,40.8094231013,0,0,0
1786,-73.7512771007,40.8094231013,1,1,1
1787,-73.7412771007,40.8094231013,0,1,1
1788,-73.7312771007,40.8094231013,1,1,1
1789,-73.7212771007,40.8094231013,1,1,1
1790,-73.7112771007,40.8094231013,2,1,1
1791,-73.7012771007,40.8094231013,2,1,1
1792,-74.2512771007,40.8194231013,1,1,1
1793,-74.2412771007,40.8194231013,1,1,1
1794,-74.2312771007,40.8194231013,1,1,1
1795,-74.2212771007,40.8194231013,1,1,1
1796,-74.2112771007,40.8194231013,1,1,1
1797,-74.2012771007,40.8194231013,1,1,1
1798,-74.1912771007,40.8194231013,1,1,1
1799,-74.1812771007,40.8194231013,1,1,1
1800,-74.1712771007,40.8194231013,1,1,1
1801,-74.1612771007,40.8194231013,1,1,1
1802,-74.1512771007,40.8194231013,1,1,1
1803,-74.1412771007,40.8194231013,1,1,1
1804,-74.1312771007,40.8194231013,1,1,1
1805,-74.1212771007,40.8194231013,1,1,1
1806,-74.1112771007,40.8194231013,1,1,1
1807,-74.1012771007,40.8194231013,1,1,1
1808,-74.0912771007,40.8194231013,1,1,1
1809,-74.0812771007,40.8194231013,1,1,1
1810,-74.0712771007,40.8194231013,1,1,1
1811,-74.0612771007,40.8194231013,1,2,0
1812,-74.0512771007,40.8194231013,1,0,0
1813,-74.0412771007,40.8194231013,1,0,0
1814,-74.0312771007,40.8194231013,1,0,1
1815,-74.0212771007,40.8194231013,1,1,1
1816,-74.0112771007,40.8194231013,1,1,1
1817,-74.0012771007,40.8194231013,2,0,0
1818,-73.9912771007,40.8194231013,1,1,1
1819,-73.9812771007,40.8194231013,1,1,1
1820,-73.9712771007,40.8194231013,1,1,1
1821,-73.9612771007,40.8194231013,1,1,1
1822,-73.9512771007,40.8194231013,1,1,1
1823,-73.9412771007,40.8194231013,1,0,0
1824,-73.9312771007,40.8194231013,1,1,0
1825,-73.9212771007,40.8194231013,1,1,1
1826,-73.9112771007,40.8194231013,0,0,0
1827,-73.9012771007,40.8194231013,1,1,1
1828,-73.8912771007,40.8194231013,1,1,1
1829,-73.8812771007,40.8194231013,0,0,1
1830,-73.8712771007,40.8194231013,1,1,0
1831,-73.8612771007,40.8194231013,0,1,1
1832,-73.8512771007,40.8194231013,0,1,1
1833,-73.8412771007,40.8194231013,1,1,1
1834,-73.8312771007,40.8194231013,0,0,1
1835,-73.8212771007,40.8194231013,1,1,1
1836,-73.8112771007,40.8194231013,1,1,1
1837,-73.8012771007,40.8194231013,1,1,1
1838,-73.7912771007,40.8194231013,1,1,1
1839,-73.7812771007,40.8194231013,1,1,1
1840,-73.7712771007,40.8194231013,1,1,1
1841,-73.7612771007,40.8194231013,1,1,1
1842,-73.7512771007,40.8194231013,1,1,1
1843,-73.7412771007,40.8194231013,0,1,1
1844,-73.7312771007,40.8194231013,1,1,1
1845,-73.7212771007,40.8194231013,1,1,1
1846,-73.7112771007,40.8194231013,0,1,1
1847,-73.7012771007,40.8194231013,2,1,1
1848,-74.2512771007,40.8294231013,1,1,1
1849,-74.2412771007,40.8294231013,1,1,1
1850,-74.2312771007,40.8294231013,1,1,1
1851,-74.2212771007,40.8294231013,1,1,1
1852,-74.2112771007,40.8294231013,1,1,1
1853,-74.2012771007,40.8294231013,1,1,1
1854,-74.1912771007,40.8294231013,1,1,1
1855,-74.1812771007,40.8294231013,1,1,1
1856,-74.1712771007,40.8294231013,1,1,1
1857,-74.1612771007,40.8294231013,1,1,1
1858,-74.1512771007,40.8294231013,1,1,1
1859,-74.1412771007,40.8294231013,1,1,1
1860,-74.1312771007,40.8294231013,1,1,1
1861,-74.1212771007,40.8294231013,1,1,1
1862,-74.1112771007,40.8294231013,1,1,1
1863,-74.1012771007,40.8294231013,1,1,1
1864,-74.0912771007,40.8294231013,1,1,1
1865,-74.0812771007,40.8294231013,1,1,1
1866,-74.0712771007,40.8294231013,1,0,1
1867,-74.0612771007,40.8294231013,1,0,0
1868,-74.0512771007,40.8294231013,1,0,0
1869,-74.0412771007,40.8294231013,1,1,1
1870,-74.0312771007,40.8294231013,1,1,1
1871,-74.0212771007,40.8294231013,1,0,0
1872,-74.0112771007,40.8294231013,0,0,0
1873,-74.0012771007,40.8294231013,1,1,1
1874,-73.9912771007,40.8294231013,1,1,1
1875,-73.9812771007,40.8294231013,1,1,1
1876,-73.9712771007,40.8294231013,1,0,0
1877,-73.9612771007,40.8294231013,2,2,2
1878,-73.9512771007,40.8294231013,0,0,0
1879,-73.9412771007,40.8294231013,0,0,0
1880,-73.9312771007,40.8294231013,1,1,1
1881,-73.9212771007,40.8294231013,0,0,0
1882,-73.9112771007,40.8294231013,0,1,1
1883,-73.9012771007,40.8294231013,1,0,0
1884,-73.8912771007,40.8294231013,0,1,1
1885,-73.8812771007,40.8294231013,0,1,1
1886,-73.8712771007,40.8294231013,1,1,1
1887,-73.8612771007,40.8294231013,1,1,1
1888,-73.8512771007,40.8294231013,1,1,1
1889,-73.8412771007,40.8294231013,1,1,1
1890,-73.8312771007,40.8294231013,1,1,1
1891,-73.8212771007,40.8294231013,0,0,0
1892,-73.8112771007,40.8294231013,1,0,1
1893,-73.8012771007,40.8294231013,1,1,1
1894,-73.7912771007,40.8294231013,1,1,1
1895,-73.7812771007,40.8294231013,1,1,1
1896,-73.7712771007,40.8294231013,1,1,1
1897,-73.7612771007,40.8294231013,1,1,1
1898,-73.7512771007,40.8294231013,1,1,1
1899,-73.7412771007,40.8294231013,1,1,1
1900,-73.7312771007,40.8294231013,1,1,1
1901,-73.7212771007,40.8294231013,1,1,1
1902,-73.7112771007,40.8294231013,0,1,1
1903,-73.7012771007,40.8294231013,0,1,1
1904,-74.2512771007,40.8394231013,1,1,1
1905,-74.2412771007,40.8394231013,1,1,1
1906,-74.2312771007,40.8394231013,1,1,1
1907,-74.2212771007,40.8394231013,1,1,1
1908,-74.2112771007,40.8394231013,1,1,1
1909,-74.2012771007,40.8394231013,1,1,1
1910,-74.1912771007,40.8394231013,1,1,1
1911,-74.1812771007,40.8394231013,1,1,1
1912,-74.1712771007,40.8394231013,1,1,1
1913,-74.1612771007,40.8394231013,1,1,1
1914,-74.1512771007,40.8394231013,1,1,1
1915,-74.1412771007,40.8394231013,1,1,1
1916,-74.1312771007,40.8394231013,1,1,1
1917,-74.1212771007,40.8394231013,1,1,1
1918,-74.1112771007,40.8394231013,1,1,1
1919,-74.1012771007,40.8394231013,1,1,1
1920,-74.0912771007,40.8394231013,1,0,0
1921,-74.0812771007,40.8394231013,1,0,0
1922,-74.0712771007,40.8394231013,1,0,0
1923,-74.0612771007,40.8394231013,1,0,1
1924,-74.0512771007,40.8394231013,1,1,1
1925,-74.0412771007,40.8394231013,1,1,1
1926,-74.0312771007,40.8394231013,1,0,0
1927,-74.0212771007,40.8394231013,1,1,1
1928,-74.0112771007,40.8394231013,1,1,1
1929,-74.0012771007,40.8394231013,1,1,1
1930,-73.9912771007,40.8394231013,1,0,0
1931,-73.9812771007,40.8394231013,1,0,0
1932,-73.9712771007,40.8394231013,1,1,2
1933,-73.9612771007,40.8394231013,0,0,0
1934,-73.9512771007,40.8394231013,1,0,0
1935,-73.9412771007,40.8394231013,1,1,1
1936,-73.9312771007,40.8394231013,0,0,0
1937,-73.9212771007,40.8394231013,1,1,1
1938,-73.9112771007,40.8394231013,1,1,1
1939,-73.9012771007,40.8394231013,1,1,1
1940,-73.8912771007,40.8394231013,1,1,1
1941,-73.8812771007,40.8394231013,1,1,1
1942,-73.8712771007,40.8394231013,0,0,0
1943,-73.8612771007,40.8394231013,0,0,0
1944,-73.8512771007,40.8394231013,1,2,1
1945,-73.8412771007,40.8394231013,0,0,0
1946,-73.8312771007,40.8394231013,0,1,1
1947,-73.8212771007,40.8394231013,1,1,1
1948,-73.8112771007,40.8394231013,1,1,1
1949,-73.8012771007,40.8394231013,2,1,1
1950,-73.7912771007,40.8394231013,1,1,1
1951,-73.7812771007,40.8394231013,1,1,1
1952,-73.7712771007,40.8394231013,1,1,1
1953,-73.7612771007,40.8394231013,1,1,1
1954,-73.7512771007,40.8394231013,1,1,1
1955,-73.7412771007,40.8394231013,1,1,1
1956,-73.7312771007,40.8394231013,1,1,1
1957,-73.7212771007,40.8394231013,1,1,1
1958,-73.7112771007,40.8394231013,1,1,1
1959,-73.7012771007,40.8394231013,0,1,1
1960,-74.2512771007,40.8494231013,1,1,1
1961,-74.2412771007,40.8494231013,1,1,1
1962,-74.2312771007,40.8494231013,1,1,1
1963,-74.2212771007,40.8494231013,1,1,1
1964,-74.2112771007,40.8494231013,1,1,1
1965,-74.2012771007,40.8494231013,1,1,1
1966,-74.1912771007,40.8494231013,1,1,1
1967,-74.1812771007,40.8494231013,1,1,1
1968,-74.1712771007,40.8494231013,1,1,1
1969,-74.1612771007,40.8494231013,1,1,1
1970,-74.1512771007,40.8494231013,1,1,1
1971,-74.1412771007,40.8494231013,1,1,1
1972,-74.1312771007,40.8494231013,1,1,1
1973,-74.1212771007,40.8494231013,1,1,1
1974,-74.1112771007,40.8494231013,1,1,1
1975,-74.1012771007,40.8494231013,1,0,0
1976,-74.0912771007,40.8494231013,1,0,0
1977,-74.0812771007,40.8494231013,1,0,0
1978,-74.0712771007,40.8494231013,1,1,1
1979,-74.0612771007,40.8494231013,1,1,1
1980,-74.0512771007,40.8494231013,1,0,1
1981,-74.0412771007,40.8494231013,0,1,1
1982,-74.0312771007,40.8494231013,1,1,1
1983,-74.0212771007,40.8494231013,1,1,1
1984,-74.0112771007,40.8494231013,1,1,1
1985,-74.0012771007,40.8494231013,1,0,0
1986,-73.9912771007,40.8494231013,1,0,0
1987,-73.9812771007,40.8494231013,0,0,0
1988,-73.9712771007,40.8494231013,1,0,0
1989,-73.9612771007,40.8494231013,1,1,1
1990,-73.9512771007,40.8494231013,1,1,1
1991,-73.9412771007,40.8494231013,1,1,1
1992,-73.9312771007,40.8494231013,1,1,1
1993,-73.9212771007,40.8494231013,1,1,1
1994,-73.9112771007,40.8494231013,0,0,1
1995,-73.9012771007,40.8494231013,1,0,1
1996,-73.8912771007,40.8494231013,1,1,1
1997,-73.8812771007,40.8494231013,1,1,1
1998,-73.8712771007,40.8494231013,0,0,0
1999,-73.8612771007,40.8494231013,1,1,1
2000,-73.8512771007,40.8494231013,0,0,0
2001,-73.8412771007,40.8494231013,1,1,1
2002,-73.8312771007,40.8494231013,0,0,0
2003,-73.8212771007,40.8494231013,1,1,1
2004,-73.8112771007,40.8494231013,1,1,1
2005,-73.8012771007,40.8494231013,1,1,1
2006,-73.7912771007,40.8494231013,1,1,1
2007,-73.7812771007,40.8494231013,1,1,1
2008,-73.7712771007,40.8494231013,1,0,0
2009,-73.7612771007,40.8494231013,1,1,0
2010,-73.7512771007,40.8494231013,1,1,0
2011,-73.7412771007,40.8494231013,1,1,0
2012,-73.7312771007,40.8494231013,1,1,0
2013,-73.7212771007,40.8494231013,1,1,0
2014,-73.7112771007,40.8494231013,1,1,0
2015,-73.7012771007,40.8494231013,1,1,1
2016,-74.2512771007,40.8594231013,1,1,1
2017,-74.2412771007,40.8594231013,1,1,1
2018,-74.2312771007,40.8594231013,1,1,1
2019,-74.2212771007,40.8594231013,1,1,1
2020,-74.2112771007,40.8594231013,1,1,1
2021,-74.2012771007,40.8594231013,1,1,1
2022,-74.1912771007,40.8594231013,1,1,1
2023,-74.1812771007,40.8594231013,1,1,1
2024,-74.1712771007,40.8594231013,1,1,1
2025,-74.1612771007,40.8594231013,1,1,1
2026,-74.1512771007,40.8594231013,1,1,1
2027,-74.1412771007,40.8594231013,1,1,1
2028,-74.1312771007,40.8594231013,1,1,1
2029,-74.1212771007,40.8594231013,1,0,1
2030,-74.1112771007,40.8594231013,1,0,0
2031,-74.1012771007,40.8594231013,1,0,0
2032,-74.0912771007,40.8594231013,1,0,0
2033,-74.0812771007,40.8594231013,1,1,0
2034,-74.0712771007,40.8594231013,1,1,1
2035,-74.0612771007,40.8594231013,1,1,0
2036,-74.0512771007,40.8594231013,1,1,1
2037,-74.0412771007,40.8594231013,1,1,1
2038,-74.0312771007,40.8594231013,1,1,1
2039,-74.0212771007,40.8594231013,1,0,0
2040,-74.0112771007,40.8594231013,1,0,0
2041,-74.0012771007,40.8594231013,0,0,0
2042,-73.9912771007,40.8594231013,0,0,0
2043,-73.9812771007,40.8594231013,0,1,1
2044,-73.9712771007,40.8594231013,0,1,1
2045,-73.9612771007,40.8594231013,0,1,1
2046,-73.9512771007,40.8594231013,0,1,1
2047,-73.9412771007,40.8594231013,0,0,0
2048,-73.9312771007,40.8594231013,1,1,1
2049,-73.9212771007,40.8594231013,0,1,1
2050,-73.9112771007,40.8594231013,1,1,1
2051,-73.9012771007,40.8594231013,1,0,1
2052,-73.8912771007,40.8594231013,1,1,1
2053,-73.8812771007,40.8594231013,1,1,1
2054,-73.8712771007,40.8594231013,1,1,1
2055,-73.8612771007,40.8594231013,1,1,1
2056,-73.8512771007,40.8594231013,1,1,1
2057,-73.8412771007,40.8594231013,1,1,1
2058,-73.8312771007,40.8594231013,1,1,1
2059,-73.8212771007,40.8594231013,1,1,0
2060,-73.8112771007,40.8594231013,1,1,0
2061,-73.8012771007,40.8594231013,1,1,1
2062,-73.7912771007,40.8594231013,1,1,1
2063,-73.7812771007,40.8594231013,1,1,1
2064,-73.7712771007,40.8594231013,1,1,1
2065,-73.7612771007,40.8594231013,1,1,1
2066,-73.7512771007,40.8594231013,1,1,0
2067,-73.7412771007,40.8594231013,1,0,0
2068,-73.7312771007,40.8594231013,1,1,1
2069,-73.7212771007,40.8594231013,1,1,0
2070,-73.7112771007,40.8594231013,1,1,0
2071,-73.7012771007,40.8594231013,1,1,0
2072,-74.2512771007,40.8694231013,1,1,1
2073,-74.2412771007,40.8694231013,1,1,1
2074,-74.2312771007,40.8694231013,1,1,1
2075,-74.2212771007,40.8694231013,1,1,1
2076,-74.2112771007,40.8694231013,1,1,1
2077,-74.2012771007,40.8694231013,1,1,1
2078,-74.1912771007,40.8694231013,1,1,1
2079,-74.1812771007,40.8694231013,1,1,1
2080,-74.1712771007,40.8694231013,1,1,1
2081,-74.1612771007,40.8694231013,1,1,1
2082,-74.1512771007,40.8694231013,1,1,1
2083,-74.1412771007,40.8694231013,1,1,1
2084,-74.1312771007,40.8694231013,1,0,0
2085,-74.1212771007,40.8694231013,1,0,0
2086,-74.1112771007,40.8694231013,1,0,0
2087,-74.1012771007,40.8694231013,1,0,1
2088,-74.0912771007,40.8694231013,1,1,1
2089,-74.0812771007,40.8694231013,1,0,0
2090,-74.0712771007,40.8694231013,1,1,1
2091,-74.0612771007,40.8694231013,1,1,1
2092,-74.0512771007,40.8694231013,1,1,1
2093,-74.0412771007,40.8694231013,1,1,1
2094,-74.0312771007,40.8694231013,1,0,0
2095,-74.0212771007,40.8694231013,1,0,0
2096,-74.0112771007,40.8694231013,1,1,1
2097,-74.0012771007,40.8694231013,0,1,1
2098,-73.9912771007,40.8694231013,0,1,1
2099,-73.9812771007,40.8694231013,0,1,1
2100,-73.9712771007,40.8694231013,0,1,1
2101,-73.9612771007,40.8694231013,0,1,1
2102,-73.9512771007,40.8694231013,0,0,0
2103,-73.9412771007,40.8694231013,1,1,1
2104,-73.9312771007,40.8694231013,1,1,1
2105,-73.9212771007,40.8694231013,1,0,1
2106,-73.9112771007,40.8694231013,1,1,1
2107,-73.9012771007,40.8694231013,1,1,1
2108,-73.8912771007,40.8694231013,1,1,1
2109,-73.8812771007,40.8694231013,1,1,1
2110,-73.8712771007,40.8694231013,2,1,1
2111,-73.8612771007,40.8694231013,1,0,1
2112,-73.8512771007,40.8694231013,1,1,1
2113,-73.8412771007,40.8694231013,1,1,1
2114,-73.8312771007,40.8694231013,1,1,1
2115,-73.8212771007,40.8694231013,0,0,0
2116,-73.8112771007,40.8694231013,1,1,0
2117,-73.8012771007,40.8694231013,1,1,1
2118,-73.7912771007,40.8694231013,1,1,1
2119,-73.7812771007,40.8694231013,1,1,1
2120,-73.7712771007,40.8694231013,1,1,1
2121,-73.7612771007,40.8694231013,1,1,1
2122,-73.7512771007,40.8694231013,1,1,1
2123,-73.7412771007,40.8694231013,1,1,1
2124,-73.7312771007,40.8694231013,1,1,0
2125,-73.7212771007,40.8694231013,1,1,0
2126,-73.7112771007,40.8694231013,1,1,1
2127,-73.7012771007,40.8694231013,1,1,1
2128,-74.2512771007,40.8794231013,1,1,1
2129,-74.2412771007,40.8794231013,1,1,1
2130,-74.2312771007,40.8794231013,1,1,1
2131,-74.2212771007,40.8794231013,1,1,1
2132,-74.2112771007,40.8794231013,1,1,1
2133,-74.2012771007,40.8794231013,1,1,1
2134,-74.1912771007,40.8794231013,1,1,1
2135,-74.1812771007,40.8794231013,1,1,1
2136,-74.1712771007,40.8794231013,1,1,1
2137,-74.1612771007,40.8794231013,1,1,1
2138,-74.1512771007,40.8794231013,1,0,1
2139,-74.1412771007,40.8794231013,1,0,1
2140,-74.1312771007,40.8794231013,1,0,0
2141,-74.1212771007,40.8794231013,1,0,0
2142,-74.1112771007,40.8794231013,1,1,0
2143,-74.1012771007,40.8794231013,1,1,1
2144,-74.0912771007,40.8794231013,1,1,0
2145,-74.0812771007,40.8794231013,1,1,1
2146,-74.0712771007,40.8794231013,1,1,1
2147,-74.0612771007,40.8794231013,1,1,1
2148,-74.0512771007,40.8794231013,1,0,0
2149,-74.0412771007,40.8794231013,1,0,0
2150,-74.0312771007,40.8794231013,1,1,1
2151,-74.0212771007,40.8794231013,0,1,1
2152,-74.0112771007,40.8794231013,0,1,1
2153,-74.0012771007,40.8794231013,0,1,1
2154,-73.9912771007,40.8794231013,0,1,1
2155,-73.9812771007,40.8794231013,0,1,1
2156,-73.9712771007,40.8794231013,0,1,1
2157,-73.9612771007,40.8794231013,0,0,0
2158,-73.9512771007,40.8794231013,1,1,1
2159,-73.9412771007,40.8794231013,1,1,1
2160,-73.9312771007,40.8794231013,2,1,1
2161,-73.9212771007,40.8794231013,2,1,1
2162,-73.9112771007,40.8794231013,1,0,1
2163,-73.9012771007,40.8794231013,1,1,1
2164,-73.8912771007,40.8794231013,1,0,0
2165,-73.8812771007,40.8794231013,1,1,1
2166,-73.8712771007,40.8794231013,1,1,1
2167,-73.8612771007,40.8794231013,1,1,1
2168,-73.8512771007,40.8794231013,1,1,1
2169,-73.8412771007,40.8794231013,1,1,1
2170,-73.8312771007,40.8794231013,0,0,1
2171,-73.8212771007,40.8794231013,0,1,0
2172,-73.8112771007,40.8794231013,1,1,0
2173,-73.8012771007,40.8794231013,1,1,1
2174,-73.7912771007,40.8794231013,1,1,1
2175,-73.7812771007,40.8794231013,1,1,1
2176,-73.7712771007,40.8794231013,1,1,1
2177,-73.7612771007,40.8794231013,1,1,1
2178,-73.7512771007,40.8794231013,1,1,1
2179,-73.7412771007,40.8794231013,1,1,1
2180,-73.7312771007,40.8794231013,1,1,1
2181,-73.7212771007,40.8794231013,1,1,1
2182,-73.7112771007,40.8794231013,1,1,1
2183,-73.7012771007,40.8794231013,1,1,0
2184,-74.2512771007,40.8894231013,1,1,1
2185,-74.2412771007,40.8894231013,1,1,1
2186,-74.2312771007,40.8894231013,1,1,1
2187,-74.2212771007,40.8894231013,1,1,1
2188,-74.2112771007,40.8894231013,1,1,1
2189,-74.2012771007,40.8894231013,1,1,1
2190,-74.1912771007,40.8894231013,1,1,1
2191,-74.1812771007,40.8894231013,1,1,1
2192,-74.1712771007,40.8894231013,1,1,1
2193,-74.1612771007,40.8894231013,1,1,1
2194,-74.1512771007,40.8894231013,1,0,0
2195,-74.1412771007,40.8894231013,1,0,0
2196,-74.1312771007,40.8894231013,1,0,1
2197,-74.1212771007,40.8894231013,1,1,0
2198,-74.1112771007,40.8894231013,1,1,1
2199,-74.1012771007,40.8894231013,1,1,1
2200,-74.0912771007,40.8894231013,1,1,1
2201,-74.0812771007,40.8894231013,1,1,1
2202,-74.0712771007,40.8894231013,1,1,1
2203,-74.0612771007,40.8894231013,1,0,0
2204,-74.0512771007,40.8894231013,0,1,1
2205,-74.0412771007,40.8894231013,0,1,1
2206,-74.0312771007,40.8894231013,0,1,1
2207,-74.0212771007,40.8894231013,0,1,1
2208,-74.0112771007,40.8894231013,0,1,1
2209,-74.0012771007,40.8894231013,0,1,1
2210,-73.9912771007,40.8894231013,0,1,1
2211,-73.9812771007,40.8894231013,0,1,1
2212,-73.9712771007,40.8894231013,1,1,1
2213,-73.9612771007,40.8894231013,1,1,1
2214,-73.9512771007,40.8894231013,0,1,1
2215,-73.9412771007,40.8894231013,2,1,1
2216,-73.9312771007,40.8894231013,2,1,1
2217,-73.9212771007,40.8894231013,2,1,0
2218,-73.9112771007,40.8894231013,1,0,0
2219,-73.9012771007,40.8894231013,1,1,1
2220,-73.8912771007,40.8894231013,0,2,2
2221,-73.8812771007,40.8894231013,0,1,1
2222,-73.8712771007,40.8894231013,0,0,1
2223,-73.8612771007,40.8894231013,1,1,1
2224,-73.8512771007,40.8894231013,1,1,1
2225,-73.8412771007,40.8894231013,0,1,1
2226,-73.8312771007,40.8894231013,1,1,1
2227,-73.8212771007,40.8894231013,1,1,1
2228,-73.8112771007,40.8894231013,1,1,1
2229,-73.8012771007,40.8894231013,1,1,1
2230,-73.7912771007,40.8894231013,1,1,1
2231,-73.7812771007,40.8894231013,1,1,1
2232,-73.7712771007,40.8894231013,1,1,1
2233,-73.7612771007,40.8894231013,1,1,1
2234,-73.7512771007,40.8894231013,1,1,1
2235,-73.7412771007,40.8894231013,1,1,1
2236,-73.7312771007,40.8894231013,1,1,1
2237,-73.7212771007,40.8894231013,1,1,1
2238,-73.7112771007,40.8894231013,1,1,1
2239,-73.7012771007,40.8894231013,1,1,1
2240,-74.2512771007,40.8994231013,1,1,1
2241,-74.2412771007,40.8994231013,1,1,1
2242,-74.2312771007,40.8994231013,1,1,1
2243,-74.2212771007,40.8994231013,1,1,1
2244,-74.2112771007,40.8994231013,1,1,1
2245,-74.2012771007,40.8994231013,1,1,1
2246,-74.1912771007,40.8994231013,1,1,1
2247,-74.1812771007,40.8994231013,1,1,1
2248,-74.1712771007,40.8994231013,1,1,0
2249,-74.1612771007,40.8994231013,1,0,0
2250,-74.1512771007,40.8994231013,1,0,0
2251,-74.1412771007,40.8994231013,1,1,0
2252,-74.1312771007,40.8994231013,1,1,1
2253,-74.1212771007,40.8994231013,1,1,1
2254,-74.1112771007,40.8994231013,1,1,1
2255,-74.1012771007,40.8994231013,1,1,1
2256,-74.0912771007,40.8994231013,1,1,1
2257,-74.0812771007,40.8994231013,1,0,0
2258,-74.0712771007,40.8994231013,0,1,1
2259,-74.0612771007,40.8994231013,0,1,1
2260,-74.0512771007,40.8994231013,0,1,1
2261,-74.0412771007,40.8994231013,0,1,1
2262,-74.0312771007,40.8994231013,0,1,1
2263,-74.0212771007,40.8994231013,0,1,1
2264,-74.0112771007,40.8994231013,0,1,1
2265,-74.0012771007,40.8994231013,0,1,1
2266,-73.9912771007,40.8994231013,0,1,1
2267,-73.9812771007,40.8994231013,1,1,1
2268,-73.9712771007,40.8994231013,1,1,1
2269,-73.9612771007,40.8994231013,0,1,1
2270,-73.9512771007,40.8994231013,2,1,1
2271,-73.9412771007,40.8994231013,2,1,1
2272,-73.9312771007,40.8994231013,2,0,1
2273,-73.9212771007,40.8994231013,0,0,1
2274,-73.9112771007,40.8994231013,1,0,0
2275,-73.9012771007,40.8994231013,2,1,1
2276,-73.8912771007,40.8994231013,0,0,0
2277,-73.8812771007,40.8994231013,0,0,0
2278,-73.8712771007,40.8994231013,1,0,0
2279,-73.8612771007,40.8994231013,0,0,0
2280,-73.8512771007,40.8994231013,1,1,1
2281,-73.8412771007,40.8994231013,1,1,1
2282,-73.8312771007,40.8994231013,1,1,1
2283,-73.8212771007,40.8994231013,1,1,1
2284,-73.8112771007,40.8994231013,1,1,1
2285,-73.8012771007,40.8994231013,1,1,1
2286,-73.7912771007,40.8994231013,1,1,1
2287,-73.7812771007,40.8994231013,1,1,1
2288,-73.7712771007,40.8994231013,1,1,1
2289,-73.7612771007,40.8994231013,1,1,1
2290,-73.7512771007,40.8994231013,1,1,1
2291,-73.7412771007,40.8994231013,1,1,1
2292,-73.7312771007,40.8994231013,1,1,1
2293,-73.7212771007,40.8994231013,1,1,1
2294,-73.7112771007,40.8994231013,1,1,1
2295,-73.7012771007,40.8994231013,1,1,1
2296,-74.2512771007,40.9094231013,1,1,1
2297,-74.2412771007,40.9094231013,1,1,1
2298,-74.2312771007,40.9094231013,1,1,1
2299,-74.2212771007,40.9094231013,1,1,1
2300,-74.2112771007,40.9094231013,1,1,1
2301,-74.2012771007,40.9094231013,1,1,1
2302,-74.1912771007,40.9094231013,1,1,1
2303,-74.1812771007,40.9094231013,1,0,0
2304,-74.1712771007,40.9094231013,1,0,0
2305,-74.1612771007,40.9094231013,1,0,0
2306,-74.1512771007,40.9094231013,1,1,0
2307,-74.1412771007,40.9094231013,1,1,1
2308,-74.1312771007,40.9094231013,1,1,1
2309,-74.1212771007,40.9094231013,1,1,1
2310,-74.1112771007,40.9094231013,1,1,1
2311,-74.1012771007,40.9094231013,1,1,1
2312,-74.0912771007,40.9094231013,0,1,1
2313,-74.0812771007,40.9094231013,0,1,1
2314,-74.0712771007,40.9094231013,0,1,1
2315,-74.0612771007,40.9094231013,0,1,1
2316,-74.0512771007,40.9094231013,0,1,1
2317,-74.0412771007,40.9094231013,0,1,1
2318,-74.0312771007,40.9094231013,0,1,1
2319,-74.0212771007,40.9094231013,0,1,1
2320,-74.0112771007,40.9094231013,0,1,1
2321,-74.0012771007,40.9094231013,1,1,1
2322,-73.9912771007,40.9094231013,1,1,1
2323,-73.9812771007,40.9094231013,0,1,1
2324,-73.9712771007,40.9094231013,2,1,1
2325,-73.9612771007,40.9094231013,2,1,0
2326,-73.9512771007,40.9094231013,2,0,1
2327,-73.9412771007,40.9094231013,2,0,0
2328,-73.9312771007,40.9094231013,0,0,0
2329,-73.9212771007,40.9094231013,0,0,0
2330,-73.9112771007,40.9094231013,0,0,0
2331,-73.9012771007,40.9094231013,0,1,1
2332,-73.8912771007,40.9094231013,0,1,1
2333,-73.8812771007,40.9094231013,0,0,0
2334,-73.8712771007,40.9094231013,1,1,1
2335,-73.8612771007,40.9094231013,0,0,1
2336,-73.8512771007,40.9094231013,1,0,1
2337,-73.8412771007,40.9094231013,1,1,1
2338,-73.8312771007,40.9094231013,1,1,1
2339,-73.8212771007,40.9094231013,1,1,1
2340,-73.8112771007,40.9094231013,1,1,1
2341,-73.8012771007,40.9094231013,1,1,1
2342,-73.7912771007,40.9094231013,1,1,1
2343,-73.7812771007,40.9094231013,1,1,1
2344,-73.7712771007,40.9094231013,1,1,1
2345,-73.7612771007,40.9094231013,1,1,1
2346,-73.7512771007,40.9094231013,1,1,1
2347,-73.7412771007,40.9094231013,1,1,1
2348,-73.7312771007,40.9094231013,1,1,1
2349,-73.7212771007,40.9094231013,1,1,1
2350,-73.7112771007,40.9094231013,1,1,1
2351,-73.7012771007,40.9094231013,1,1,1
